date,group,sensor,frame,frame_index,group_frame_count,actual_bytes,expected_bytes,index_path,pack_path
20260615,group_025,dpct高位机,1781513067_355338025.bin,580,1002,0,1048576,/mnt/ssd/Huawei/20260615/data_collection/group_025/dpct高位机/Bin/frames_index.npz,/mnt/ssd/Huawei/20260615/data_collection/group_025/dpct高位机/Bin/frames.binpack
20260615,group_025,dpct高位机,1781513067_455343084.bin,581,1002,0,1048576,/mnt/ssd/Huawei/20260615/data_collection/group_025/dpct高位机/Bin/frames_index.npz,/mnt/ssd/Huawei/20260615/data_collection/group_025/dpct高位机/Bin/frames.binpack
20260615,group_025,dpct高位机,1781513067_555351984.bin,582,1002,0,1048576,/mnt/ssd/Huawei/20260615/data_collection/group_025/dpct高位机/Bin/frames_index.npz,/mnt/ssd/Huawei/20260615/data_collection/group_025/dpct高位机/Bin/frames.binpack
20260615,group_025,dpct高位机,1781513067_655372435.bin,583,1002,0,1048576,/mnt/ssd/Huawei/20260615/data_collection/group_025/dpct高位机/Bin/frames_index.npz,/mnt/ssd/Huawei/20260615/data_collection/group_025/dpct高位机/Bin/frames.binpack
20260615,group_025,dpct高位机,1781513067_755399895.bin,584,1002,0,1048576,/mnt/ssd/Huawei/20260615/data_collection/group_025/dpct高位机/Bin/frames_index.npz,/mnt/ssd/Huawei/20260615/data_collection/group_025/dpct高位机/Bin/frames.binpack
20260615,group_025,dpct高位机,1781513067_855340857.bin,585,1002,0,1048576,/mnt/ssd/Huawei/20260615/data_collection/group_025/dpct高位机/Bin/frames_index.npz,/mnt/ssd/Huawei/20260615/data_collection/group_025/dpct高位机/Bin/frames.binpack
20260615,group_025,dpct高位机,1781513067_955393757.bin,586,1002,0,1048576,/mnt/ssd/Huawei/20260615/data_collection/group_025/dpct高位机/Bin/frames_index.npz,/mnt/ssd/Huawei/20260615/data_collection/group_025/dpct高位机/Bin/frames.binpack
20260615,group_025,dpct高位机,1781513068_055340863.bin,587,1002,0,1048576,/mnt/ssd/Huawei/20260615/data_collection/group_025/dpct高位机/Bin/frames_index.npz,/mnt/ssd/Huawei/20260615/data_collection/group_025/dpct高位机/Bin/frames.binpack
20260615,group_025,dpct高位机,1781513068_155379747.bin,588,1002,0,1048576,/mnt/ssd/Huawei/20260615/data_collection/group_025/dpct高位机/Bin/frames_index.npz,/mnt/ssd/Huawei/20260615/data_collection/group_025/dpct高位机/Bin/frames.binpack
20260615,group_025,dpct高位机,1781513068_255375398.bin,589,1002,0,1048576,/mnt/ssd/Huawei/20260615/data_collection/group_025/dpct高位机/Bin/frames_index.npz,/mnt/ssd/Huawei/20260615/data_collection/group_025/dpct高位机/Bin/frames.binpack
20260615,group_025,dpct高位机,1781513068_355340744.bin,590,1002,0,1048576,/mnt/ssd/Huawei/20260615/data_collection/group_025/dpct高位机/Bin/frames_index.npz,/mnt/ssd/Huawei/20260615/data_collection/group_025/dpct高位机/Bin/frames.binpack
20260615,group_025,dpct高位机,1781513068_455330635.bin,591,1002,0,1048576,/mnt/ssd/Huawei/20260615/data_collection/group_025/dpct高位机/Bin/frames_index.npz,/mnt/ssd/Huawei/20260615/data_collection/group_025/dpct高位机/Bin/frames.binpack
20260615,group_025,dpct高位机,1781513068_555370287.bin,592,1002,0,1048576,/mnt/ssd/Huawei/20260615/data_collection/group_025/dpct高位机/Bin/frames_index.npz,/mnt/ssd/Huawei/20260615/data_collection/group_025/dpct高位机/Bin/frames.binpack
20260615,group_025,dpct高位机,1781513068_655457173.bin,593,1002,0,1048576,/mnt/ssd/Huawei/20260615/data_collection/group_025/dpct高位机/Bin/frames_index.npz,/mnt/ssd/Huawei/20260615/data_collection/group_025/dpct高位机/Bin/frames.binpack
20260615,group_025,dpct高位机,1781513068_755356629.bin,594,1002,0,1048576,/mnt/ssd/Huawei/20260615/data_collection/group_025/dpct高位机/Bin/frames_index.npz,/mnt/ssd/Huawei/20260615/data_collection/group_025/dpct高位机/Bin/frames.binpack
20260615,group_025,dpct高位机,1781513068_855351800.bin,595,1002,0,1048576,/mnt/ssd/Huawei/20260615/data_collection/group_025/dpct高位机/Bin/frames_index.npz,/mnt/ssd/Huawei/20260615/data_collection/group_025/dpct高位机/Bin/frames.binpack
20260615,group_025,dpct高位机,1781513068_974877814.bin,596,1002,0,1048576,/mnt/ssd/Huawei/20260615/data_collection/group_025/dpct高位机/Bin/frames_index.npz,/mnt/ssd/Huawei/20260615/data_collection/group_025/dpct高位机/Bin/frames.binpack
20260615,group_025,dpct高位机,1781513069_059625614.bin,597,1002,0,1048576,/mnt/ssd/Huawei/20260615/data_collection/group_025/dpct高位机/Bin/frames_index.npz,/mnt/ssd/Huawei/20260615/data_collection/group_025/dpct高位机/Bin/frames.binpack
20260615,group_025,dpct高位机,1781513069_155369379.bin,598,1002,0,1048576,/mnt/ssd/Huawei/20260615/data_collection/group_025/dpct高位机/Bin/frames_index.npz,/mnt/ssd/Huawei/20260615/data_collection/group_025/dpct高位机/Bin/frames.binpack
20260615,group_025,dpct高位机,1781513069_255480009.bin,599,1002,0,1048576,/mnt/ssd/Huawei/20260615/data_collection/group_025/dpct高位机/Bin/frames_index.npz,/mnt/ssd/Huawei/20260615/data_collection/group_025/dpct高位机/Bin/frames.binpack
20260615,group_025,dpct高位机,1781513069_355316712.bin,600,1002,0,1048576,/mnt/ssd/Huawei/20260615/data_collection/group_025/dpct高位机/Bin/frames_index.npz,/mnt/ssd/Huawei/20260615/data_collection/group_025/dpct高位机/Bin/frames.binpack
20260615,group_025,dpct高位机,1781513069_455342220.bin,601,1002,0,1048576,/mnt/ssd/Huawei/20260615/data_collection/group_025/dpct高位机/Bin/frames_index.npz,/mnt/ssd/Huawei/20260615/data_collection/group_025/dpct高位机/Bin/frames.binpack
20260615,group_025,dpct高位机,1781513069_555383088.bin,602,1002,0,1048576,/mnt/ssd/Huawei/20260615/data_collection/group_025/dpct高位机/Bin/frames_index.npz,/mnt/ssd/Huawei/20260615/data_collection/group_025/dpct高位机/Bin/frames.binpack
20260615,group_025,dpct高位机,1781513069_655340275.bin,603,1002,0,1048576,/mnt/ssd/Huawei/20260615/data_collection/group_025/dpct高位机/Bin/frames_index.npz,/mnt/ssd/Huawei/20260615/data_collection/group_025/dpct高位机/Bin/frames.binpack
20260615,group_025,dpct高位机,1781513069_755358326.bin,604,1002,0,1048576,/mnt/ssd/Huawei/20260615/data_collection/group_025/dpct高位机/Bin/frames_index.npz,/mnt/ssd/Huawei/20260615/data_collection/group_025/dpct高位机/Bin/frames.binpack
20260615,group_025,dpct高位机,1781513069_855318553.bin,605,1002,0,1048576,/mnt/ssd/Huawei/20260615/data_collection/group_025/dpct高位机/Bin/frames_index.npz,/mnt/ssd/Huawei/20260615/data_collection/group_025/dpct高位机/Bin/frames.binpack
20260615,group_025,dpct高位机,1781513069_955343997.bin,606,1002,0,1048576,/mnt/ssd/Huawei/20260615/data_collection/group_025/dpct高位机/Bin/frames_index.npz,/mnt/ssd/Huawei/20260615/data_collection/group_025/dpct高位机/Bin/frames.binpack
20260615,group_025,dpct高位机,1781513070_055337760.bin,607,1002,0,1048576,/mnt/ssd/Huawei/20260615/data_collection/group_025/dpct高位机/Bin/frames_index.npz,/mnt/ssd/Huawei/20260615/data_collection/group_025/dpct高位机/Bin/frames.binpack
20260615,group_025,dpct高位机,1781513070_155352804.bin,608,1002,0,1048576,/mnt/ssd/Huawei/20260615/data_collection/group_025/dpct高位机/Bin/frames_index.npz,/mnt/ssd/Huawei/20260615/data_collection/group_025/dpct高位机/Bin/frames.binpack
20260615,group_025,dpct高位机,1781513070_255355559.bin,609,1002,0,1048576,/mnt/ssd/Huawei/20260615/data_collection/group_025/dpct高位机/Bin/frames_index.npz,/mnt/ssd/Huawei/20260615/data_collection/group_025/dpct高位机/Bin/frames.binpack
20260615,group_025,dpct高位机,1781513070_355392332.bin,610,1002,0,1048576,/mnt/ssd/Huawei/20260615/data_collection/group_025/dpct高位机/Bin/frames_index.npz,/mnt/ssd/Huawei/20260615/data_collection/group_025/dpct高位机/Bin/frames.binpack
20260615,group_025,dpct高位机,1781513070_455319565.bin,611,1002,0,1048576,/mnt/ssd/Huawei/20260615/data_collection/group_025/dpct高位机/Bin/frames_index.npz,/mnt/ssd/Huawei/20260615/data_collection/group_025/dpct高位机/Bin/frames.binpack
20260615,group_025,dpct高位机,1781513070_555372530.bin,612,1002,0,1048576,/mnt/ssd/Huawei/20260615/data_collection/group_025/dpct高位机/Bin/frames_index.npz,/mnt/ssd/Huawei/20260615/data_collection/group_025/dpct高位机/Bin/frames.binpack
20260615,group_025,dpct高位机,1781513070_655420311.bin,613,1002,0,1048576,/mnt/ssd/Huawei/20260615/data_collection/group_025/dpct高位机/Bin/frames_index.npz,/mnt/ssd/Huawei/20260615/data_collection/group_025/dpct高位机/Bin/frames.binpack
20260615,group_025,dpct高位机,1781513070_755345720.bin,614,1002,0,1048576,/mnt/ssd/Huawei/20260615/data_collection/group_025/dpct高位机/Bin/frames_index.npz,/mnt/ssd/Huawei/20260615/data_collection/group_025/dpct高位机/Bin/frames.binpack
20260615,group_025,dpct高位机,1781513070_855336764.bin,615,1002,0,1048576,/mnt/ssd/Huawei/20260615/data_collection/group_025/dpct高位机/Bin/frames_index.npz,/mnt/ssd/Huawei/20260615/data_collection/group_025/dpct高位机/Bin/frames.binpack
20260615,group_025,dpct高位机,1781513070_961634626.bin,616,1002,0,1048576,/mnt/ssd/Huawei/20260615/data_collection/group_025/dpct高位机/Bin/frames_index.npz,/mnt/ssd/Huawei/20260615/data_collection/group_025/dpct高位机/Bin/frames.binpack
20260615,group_025,dpct高位机,1781513071_055410180.bin,617,1002,0,1048576,/mnt/ssd/Huawei/20260615/data_collection/group_025/dpct高位机/Bin/frames_index.npz,/mnt/ssd/Huawei/20260615/data_collection/group_025/dpct高位机/Bin/frames.binpack
20260615,group_025,dpct高位机,1781513071_155356519.bin,618,1002,0,1048576,/mnt/ssd/Huawei/20260615/data_collection/group_025/dpct高位机/Bin/frames_index.npz,/mnt/ssd/Huawei/20260615/data_collection/group_025/dpct高位机/Bin/frames.binpack
20260615,group_025,dpct高位机,1781513071_255365995.bin,619,1002,0,1048576,/mnt/ssd/Huawei/20260615/data_collection/group_025/dpct高位机/Bin/frames_index.npz,/mnt/ssd/Huawei/20260615/data_collection/group_025/dpct高位机/Bin/frames.binpack
20260615,group_025,dpct高位机,1781513071_355358158.bin,620,1002,0,1048576,/mnt/ssd/Huawei/20260615/data_collection/group_025/dpct高位机/Bin/frames_index.npz,/mnt/ssd/Huawei/20260615/data_collection/group_025/dpct高位机/Bin/frames.binpack
20260615,group_025,dpct高位机,1781513071_455356978.bin,621,1002,0,1048576,/mnt/ssd/Huawei/20260615/data_collection/group_025/dpct高位机/Bin/frames_index.npz,/mnt/ssd/Huawei/20260615/data_collection/group_025/dpct高位机/Bin/frames.binpack
20260615,group_025,dpct高位机,1781513071_555330932.bin,622,1002,0,1048576,/mnt/ssd/Huawei/20260615/data_collection/group_025/dpct高位机/Bin/frames_index.npz,/mnt/ssd/Huawei/20260615/data_collection/group_025/dpct高位机/Bin/frames.binpack
20260615,group_025,dpct高位机,1781513071_655333496.bin,623,1002,0,1048576,/mnt/ssd/Huawei/20260615/data_collection/group_025/dpct高位机/Bin/frames_index.npz,/mnt/ssd/Huawei/20260615/data_collection/group_025/dpct高位机/Bin/frames.binpack
20260615,group_025,dpct高位机,1781513071_755358140.bin,624,1002,0,1048576,/mnt/ssd/Huawei/20260615/data_collection/group_025/dpct高位机/Bin/frames_index.npz,/mnt/ssd/Huawei/20260615/data_collection/group_025/dpct高位机/Bin/frames.binpack
20260615,group_025,dpct高位机,1781513071_855417634.bin,625,1002,0,1048576,/mnt/ssd/Huawei/20260615/data_collection/group_025/dpct高位机/Bin/frames_index.npz,/mnt/ssd/Huawei/20260615/data_collection/group_025/dpct高位机/Bin/frames.binpack
20260615,group_025,dpct高位机,1781513071_955296226.bin,626,1002,0,1048576,/mnt/ssd/Huawei/20260615/data_collection/group_025/dpct高位机/Bin/frames_index.npz,/mnt/ssd/Huawei/20260615/data_collection/group_025/dpct高位机/Bin/frames.binpack
20260615,group_025,dpct高位机,1781513072_055319270.bin,627,1002,0,1048576,/mnt/ssd/Huawei/20260615/data_collection/group_025/dpct高位机/Bin/frames_index.npz,/mnt/ssd/Huawei/20260615/data_collection/group_025/dpct高位机/Bin/frames.binpack
20260615,group_025,dpct高位机,1781513072_155323146.bin,628,1002,0,1048576,/mnt/ssd/Huawei/20260615/data_collection/group_025/dpct高位机/Bin/frames_index.npz,/mnt/ssd/Huawei/20260615/data_collection/group_025/dpct高位机/Bin/frames.binpack
20260615,group_025,dpct高位机,1781513072_255355631.bin,629,1002,0,1048576,/mnt/ssd/Huawei/20260615/data_collection/group_025/dpct高位机/Bin/frames_index.npz,/mnt/ssd/Huawei/20260615/data_collection/group_025/dpct高位机/Bin/frames.binpack
20260615,group_025,dpct高位机,1781513072_355317841.bin,630,1002,0,1048576,/mnt/ssd/Huawei/20260615/data_collection/group_025/dpct高位机/Bin/frames_index.npz,/mnt/ssd/Huawei/20260615/data_collection/group_025/dpct高位机/Bin/frames.binpack
20260615,group_025,dpct高位机,1781513072_455320757.bin,631,1002,0,1048576,/mnt/ssd/Huawei/20260615/data_collection/group_025/dpct高位机/Bin/frames_index.npz,/mnt/ssd/Huawei/20260615/data_collection/group_025/dpct高位机/Bin/frames.binpack
20260615,group_025,dpct高位机,1781513072_555334041.bin,632,1002,0,1048576,/mnt/ssd/Huawei/20260615/data_collection/group_025/dpct高位机/Bin/frames_index.npz,/mnt/ssd/Huawei/20260615/data_collection/group_025/dpct高位机/Bin/frames.binpack
20260615,group_025,dpct高位机,1781513072_655304636.bin,633,1002,0,1048576,/mnt/ssd/Huawei/20260615/data_collection/group_025/dpct高位机/Bin/frames_index.npz,/mnt/ssd/Huawei/20260615/data_collection/group_025/dpct高位机/Bin/frames.binpack
20260615,group_025,dpct高位机,1781513072_755315488.bin,634,1002,0,1048576,/mnt/ssd/Huawei/20260615/data_collection/group_025/dpct高位机/Bin/frames_index.npz,/mnt/ssd/Huawei/20260615/data_collection/group_025/dpct高位机/Bin/frames.binpack
20260615,group_025,dpct高位机,1781513072_855346469.bin,635,1002,0,1048576,/mnt/ssd/Huawei/20260615/data_collection/group_025/dpct高位机/Bin/frames_index.npz,/mnt/ssd/Huawei/20260615/data_collection/group_025/dpct高位机/Bin/frames.binpack
20260615,group_025,dpct高位机,1781513072_955319688.bin,636,1002,0,1048576,/mnt/ssd/Huawei/20260615/data_collection/group_025/dpct高位机/Bin/frames_index.npz,/mnt/ssd/Huawei/20260615/data_collection/group_025/dpct高位机/Bin/frames.binpack
20260615,group_025,dpct高位机,1781513073_055419470.bin,637,1002,0,1048576,/mnt/ssd/Huawei/20260615/data_collection/group_025/dpct高位机/Bin/frames_index.npz,/mnt/ssd/Huawei/20260615/data_collection/group_025/dpct高位机/Bin/frames.binpack
20260615,group_025,dpct高位机,1781513073_155468244.bin,638,1002,0,1048576,/mnt/ssd/Huawei/20260615/data_collection/group_025/dpct高位机/Bin/frames_index.npz,/mnt/ssd/Huawei/20260615/data_collection/group_025/dpct高位机/Bin/frames.binpack
20260615,group_025,dpct高位机,1781513073_260802562.bin,639,1002,0,1048576,/mnt/ssd/Huawei/20260615/data_collection/group_025/dpct高位机/Bin/frames_index.npz,/mnt/ssd/Huawei/20260615/data_collection/group_025/dpct高位机/Bin/frames.binpack
20260615,group_025,dpct高位机,1781513073_355557054.bin,640,1002,0,1048576,/mnt/ssd/Huawei/20260615/data_collection/group_025/dpct高位机/Bin/frames_index.npz,/mnt/ssd/Huawei/20260615/data_collection/group_025/dpct高位机/Bin/frames.binpack
20260615,group_025,dpct高位机,1781513073_455374109.bin,641,1002,0,1048576,/mnt/ssd/Huawei/20260615/data_collection/group_025/dpct高位机/Bin/frames_index.npz,/mnt/ssd/Huawei/20260615/data_collection/group_025/dpct高位机/Bin/frames.binpack
20260615,group_025,dpct高位机,1781513073_555378625.bin,642,1002,0,1048576,/mnt/ssd/Huawei/20260615/data_collection/group_025/dpct高位机/Bin/frames_index.npz,/mnt/ssd/Huawei/20260615/data_collection/group_025/dpct高位机/Bin/frames.binpack
20260615,group_025,dpct高位机,1781513073_655764303.bin,643,1002,0,1048576,/mnt/ssd/Huawei/20260615/data_collection/group_025/dpct高位机/Bin/frames_index.npz,/mnt/ssd/Huawei/20260615/data_collection/group_025/dpct高位机/Bin/frames.binpack
20260615,group_025,dpct高位机,1781513073_755847125.bin,644,1002,0,1048576,/mnt/ssd/Huawei/20260615/data_collection/group_025/dpct高位机/Bin/frames_index.npz,/mnt/ssd/Huawei/20260615/data_collection/group_025/dpct高位机/Bin/frames.binpack
20260615,group_025,dpct高位机,1781513073_855486543.bin,645,1002,0,1048576,/mnt/ssd/Huawei/20260615/data_collection/group_025/dpct高位机/Bin/frames_index.npz,/mnt/ssd/Huawei/20260615/data_collection/group_025/dpct高位机/Bin/frames.binpack
20260615,group_025,dpct高位机,1781513073_955320591.bin,646,1002,0,1048576,/mnt/ssd/Huawei/20260615/data_collection/group_025/dpct高位机/Bin/frames_index.npz,/mnt/ssd/Huawei/20260615/data_collection/group_025/dpct高位机/Bin/frames.binpack
20260615,group_025,dpct高位机,1781513074_055346995.bin,647,1002,0,1048576,/mnt/ssd/Huawei/20260615/data_collection/group_025/dpct高位机/Bin/frames_index.npz,/mnt/ssd/Huawei/20260615/data_collection/group_025/dpct高位机/Bin/frames.binpack
20260615,group_025,dpct高位机,1781513074_155315479.bin,648,1002,0,1048576,/mnt/ssd/Huawei/20260615/data_collection/group_025/dpct高位机/Bin/frames_index.npz,/mnt/ssd/Huawei/20260615/data_collection/group_025/dpct高位机/Bin/frames.binpack
20260615,group_025,dpct高位机,1781513074_256171377.bin,649,1002,0,1048576,/mnt/ssd/Huawei/20260615/data_collection/group_025/dpct高位机/Bin/frames_index.npz,/mnt/ssd/Huawei/20260615/data_collection/group_025/dpct高位机/Bin/frames.binpack
20260615,group_025,dpct高位机,1781513074_355349664.bin,650,1002,0,1048576,/mnt/ssd/Huawei/20260615/data_collection/group_025/dpct高位机/Bin/frames_index.npz,/mnt/ssd/Huawei/20260615/data_collection/group_025/dpct高位机/Bin/frames.binpack
20260615,group_025,dpct高位机,1781513074_455793039.bin,651,1002,0,1048576,/mnt/ssd/Huawei/20260615/data_collection/group_025/dpct高位机/Bin/frames_index.npz,/mnt/ssd/Huawei/20260615/data_collection/group_025/dpct高位机/Bin/frames.binpack
20260615,group_025,dpct高位机,1781513074_556515366.bin,652,1002,0,1048576,/mnt/ssd/Huawei/20260615/data_collection/group_025/dpct高位机/Bin/frames_index.npz,/mnt/ssd/Huawei/20260615/data_collection/group_025/dpct高位机/Bin/frames.binpack
20260615,group_025,dpct高位机,1781513074_655379852.bin,653,1002,0,1048576,/mnt/ssd/Huawei/20260615/data_collection/group_025/dpct高位机/Bin/frames_index.npz,/mnt/ssd/Huawei/20260615/data_collection/group_025/dpct高位机/Bin/frames.binpack
20260615,group_025,dpct高位机,1781513074_755816060.bin,654,1002,0,1048576,/mnt/ssd/Huawei/20260615/data_collection/group_025/dpct高位机/Bin/frames_index.npz,/mnt/ssd/Huawei/20260615/data_collection/group_025/dpct高位机/Bin/frames.binpack
20260615,group_025,dpct高位机,1781513074_855294386.bin,655,1002,0,1048576,/mnt/ssd/Huawei/20260615/data_collection/group_025/dpct高位机/Bin/frames_index.npz,/mnt/ssd/Huawei/20260615/data_collection/group_025/dpct高位机/Bin/frames.binpack
20260615,group_025,dpct高位机,1781513074_955670624.bin,656,1002,0,1048576,/mnt/ssd/Huawei/20260615/data_collection/group_025/dpct高位机/Bin/frames_index.npz,/mnt/ssd/Huawei/20260615/data_collection/group_025/dpct高位机/Bin/frames.binpack
20260615,group_025,dpct高位机,1781513075_055816712.bin,657,1002,0,1048576,/mnt/ssd/Huawei/20260615/data_collection/group_025/dpct高位机/Bin/frames_index.npz,/mnt/ssd/Huawei/20260615/data_collection/group_025/dpct高位机/Bin/frames.binpack
20260615,group_025,dpct高位机,1781513075_155298783.bin,658,1002,0,1048576,/mnt/ssd/Huawei/20260615/data_collection/group_025/dpct高位机/Bin/frames_index.npz,/mnt/ssd/Huawei/20260615/data_collection/group_025/dpct高位机/Bin/frames.binpack
20260615,group_025,dpct高位机,1781513075_255313283.bin,659,1002,0,1048576,/mnt/ssd/Huawei/20260615/data_collection/group_025/dpct高位机/Bin/frames_index.npz,/mnt/ssd/Huawei/20260615/data_collection/group_025/dpct高位机/Bin/frames.binpack
20260615,group_025,dpct高位机,1781513075_356860944.bin,660,1002,0,1048576,/mnt/ssd/Huawei/20260615/data_collection/group_025/dpct高位机/Bin/frames_index.npz,/mnt/ssd/Huawei/20260615/data_collection/group_025/dpct高位机/Bin/frames.binpack
20260615,group_025,dpct高位机,1781513075_455327436.bin,661,1002,0,1048576,/mnt/ssd/Huawei/20260615/data_collection/group_025/dpct高位机/Bin/frames_index.npz,/mnt/ssd/Huawei/20260615/data_collection/group_025/dpct高位机/Bin/frames.binpack
20260615,group_025,dpct高位机,1781513075_555326896.bin,662,1002,0,1048576,/mnt/ssd/Huawei/20260615/data_collection/group_025/dpct高位机/Bin/frames_index.npz,/mnt/ssd/Huawei/20260615/data_collection/group_025/dpct高位机/Bin/frames.binpack
20260615,group_025,dpct高位机,1781513075_655336085.bin,663,1002,0,1048576,/mnt/ssd/Huawei/20260615/data_collection/group_025/dpct高位机/Bin/frames_index.npz,/mnt/ssd/Huawei/20260615/data_collection/group_025/dpct高位机/Bin/frames.binpack
20260615,group_025,dpct高位机,1781513075_755500285.bin,664,1002,0,1048576,/mnt/ssd/Huawei/20260615/data_collection/group_025/dpct高位机/Bin/frames_index.npz,/mnt/ssd/Huawei/20260615/data_collection/group_025/dpct高位机/Bin/frames.binpack
20260615,group_025,dpct高位机,1781513075_855327677.bin,665,1002,0,1048576,/mnt/ssd/Huawei/20260615/data_collection/group_025/dpct高位机/Bin/frames_index.npz,/mnt/ssd/Huawei/20260615/data_collection/group_025/dpct高位机/Bin/frames.binpack
20260615,group_025,dpct高位机,1781513075_955320801.bin,666,1002,0,1048576,/mnt/ssd/Huawei/20260615/data_collection/group_025/dpct高位机/Bin/frames_index.npz,/mnt/ssd/Huawei/20260615/data_collection/group_025/dpct高位机/Bin/frames.binpack
20260615,group_025,dpct高位机,1781513076_055308549.bin,667,1002,0,1048576,/mnt/ssd/Huawei/20260615/data_collection/group_025/dpct高位机/Bin/frames_index.npz,/mnt/ssd/Huawei/20260615/data_collection/group_025/dpct高位机/Bin/frames.binpack
20260615,group_025,dpct高位机,1781513076_156167519.bin,668,1002,0,1048576,/mnt/ssd/Huawei/20260615/data_collection/group_025/dpct高位机/Bin/frames_index.npz,/mnt/ssd/Huawei/20260615/data_collection/group_025/dpct高位机/Bin/frames.binpack
20260615,group_025,dpct高位机,1781513076_255290733.bin,669,1002,0,1048576,/mnt/ssd/Huawei/20260615/data_collection/group_025/dpct高位机/Bin/frames_index.npz,/mnt/ssd/Huawei/20260615/data_collection/group_025/dpct高位机/Bin/frames.binpack
20260615,group_025,dpct高位机,1781513076_355606329.bin,670,1002,0,1048576,/mnt/ssd/Huawei/20260615/data_collection/group_025/dpct高位机/Bin/frames_index.npz,/mnt/ssd/Huawei/20260615/data_collection/group_025/dpct高位机/Bin/frames.binpack
20260615,group_025,dpct高位机,1781513076_456843038.bin,671,1002,0,1048576,/mnt/ssd/Huawei/20260615/data_collection/group_025/dpct高位机/Bin/frames_index.npz,/mnt/ssd/Huawei/20260615/data_collection/group_025/dpct高位机/Bin/frames.binpack
20260615,group_025,dpct高位机,1781513076_556537050.bin,672,1002,0,1048576,/mnt/ssd/Huawei/20260615/data_collection/group_025/dpct高位机/Bin/frames_index.npz,/mnt/ssd/Huawei/20260615/data_collection/group_025/dpct高位机/Bin/frames.binpack
20260615,group_025,dpct高位机,1781513076_656167829.bin,673,1002,0,1048576,/mnt/ssd/Huawei/20260615/data_collection/group_025/dpct高位机/Bin/frames_index.npz,/mnt/ssd/Huawei/20260615/data_collection/group_025/dpct高位机/Bin/frames.binpack
20260615,group_025,dpct高位机,1781513076_755476839.bin,674,1002,0,1048576,/mnt/ssd/Huawei/20260615/data_collection/group_025/dpct高位机/Bin/frames_index.npz,/mnt/ssd/Huawei/20260615/data_collection/group_025/dpct高位机/Bin/frames.binpack
20260615,group_025,dpct高位机,1781513076_855334568.bin,675,1002,0,1048576,/mnt/ssd/Huawei/20260615/data_collection/group_025/dpct高位机/Bin/frames_index.npz,/mnt/ssd/Huawei/20260615/data_collection/group_025/dpct高位机/Bin/frames.binpack
20260615,group_025,dpct高位机,1781513076_971112262.bin,676,1002,0,1048576,/mnt/ssd/Huawei/20260615/data_collection/group_025/dpct高位机/Bin/frames_index.npz,/mnt/ssd/Huawei/20260615/data_collection/group_025/dpct高位机/Bin/frames.binpack
20260615,group_025,dpct高位机,1781513077_055316880.bin,677,1002,0,1048576,/mnt/ssd/Huawei/20260615/data_collection/group_025/dpct高位机/Bin/frames_index.npz,/mnt/ssd/Huawei/20260615/data_collection/group_025/dpct高位机/Bin/frames.binpack
20260615,group_025,dpct高位机,1781513077_155281107.bin,678,1002,0,1048576,/mnt/ssd/Huawei/20260615/data_collection/group_025/dpct高位机/Bin/frames_index.npz,/mnt/ssd/Huawei/20260615/data_collection/group_025/dpct高位机/Bin/frames.binpack
20260615,group_025,dpct高位机,1781513077_255392251.bin,679,1002,0,1048576,/mnt/ssd/Huawei/20260615/data_collection/group_025/dpct高位机/Bin/frames_index.npz,/mnt/ssd/Huawei/20260615/data_collection/group_025/dpct高位机/Bin/frames.binpack
20260615,group_025,dpct高位机,1781513077_355298173.bin,680,1002,0,1048576,/mnt/ssd/Huawei/20260615/data_collection/group_025/dpct高位机/Bin/frames_index.npz,/mnt/ssd/Huawei/20260615/data_collection/group_025/dpct高位机/Bin/frames.binpack
20260615,group_025,dpct高位机,1781513077_455276801.bin,681,1002,0,1048576,/mnt/ssd/Huawei/20260615/data_collection/group_025/dpct高位机/Bin/frames_index.npz,/mnt/ssd/Huawei/20260615/data_collection/group_025/dpct高位机/Bin/frames.binpack
20260615,group_025,dpct高位机,1781513077_555325670.bin,682,1002,0,1048576,/mnt/ssd/Huawei/20260615/data_collection/group_025/dpct高位机/Bin/frames_index.npz,/mnt/ssd/Huawei/20260615/data_collection/group_025/dpct高位机/Bin/frames.binpack
20260615,group_025,dpct高位机,1781513077_664249331.bin,683,1002,0,1048576,/mnt/ssd/Huawei/20260615/data_collection/group_025/dpct高位机/Bin/frames_index.npz,/mnt/ssd/Huawei/20260615/data_collection/group_025/dpct高位机/Bin/frames.binpack
20260615,group_025,dpct高位机,1781513077_755856061.bin,684,1002,0,1048576,/mnt/ssd/Huawei/20260615/data_collection/group_025/dpct高位机/Bin/frames_index.npz,/mnt/ssd/Huawei/20260615/data_collection/group_025/dpct高位机/Bin/frames.binpack
20260615,group_025,dpct高位机,1781513077_855324180.bin,685,1002,0,1048576,/mnt/ssd/Huawei/20260615/data_collection/group_025/dpct高位机/Bin/frames_index.npz,/mnt/ssd/Huawei/20260615/data_collection/group_025/dpct高位机/Bin/frames.binpack
20260615,group_025,dpct高位机,1781513077_956446805.bin,686,1002,0,1048576,/mnt/ssd/Huawei/20260615/data_collection/group_025/dpct高位机/Bin/frames_index.npz,/mnt/ssd/Huawei/20260615/data_collection/group_025/dpct高位机/Bin/frames.binpack
20260615,group_025,dpct高位机,1781513078_056240596.bin,687,1002,0,1048576,/mnt/ssd/Huawei/20260615/data_collection/group_025/dpct高位机/Bin/frames_index.npz,/mnt/ssd/Huawei/20260615/data_collection/group_025/dpct高位机/Bin/frames.binpack
20260615,group_025,dpct高位机,1781513078_155255935.bin,688,1002,0,1048576,/mnt/ssd/Huawei/20260615/data_collection/group_025/dpct高位机/Bin/frames_index.npz,/mnt/ssd/Huawei/20260615/data_collection/group_025/dpct高位机/Bin/frames.binpack
20260615,group_025,dpct高位机,1781513078_255360967.bin,689,1002,0,1048576,/mnt/ssd/Huawei/20260615/data_collection/group_025/dpct高位机/Bin/frames_index.npz,/mnt/ssd/Huawei/20260615/data_collection/group_025/dpct高位机/Bin/frames.binpack
20260615,group_025,dpct高位机,1781513078_355336459.bin,690,1002,0,1048576,/mnt/ssd/Huawei/20260615/data_collection/group_025/dpct高位机/Bin/frames_index.npz,/mnt/ssd/Huawei/20260615/data_collection/group_025/dpct高位机/Bin/frames.binpack
20260615,group_025,dpct高位机,1781513078_455357840.bin,691,1002,0,1048576,/mnt/ssd/Huawei/20260615/data_collection/group_025/dpct高位机/Bin/frames_index.npz,/mnt/ssd/Huawei/20260615/data_collection/group_025/dpct高位机/Bin/frames.binpack
20260615,group_025,dpct高位机,1781513078_555328244.bin,692,1002,0,1048576,/mnt/ssd/Huawei/20260615/data_collection/group_025/dpct高位机/Bin/frames_index.npz,/mnt/ssd/Huawei/20260615/data_collection/group_025/dpct高位机/Bin/frames.binpack
20260615,group_025,dpct高位机,1781513078_655286743.bin,693,1002,0,1048576,/mnt/ssd/Huawei/20260615/data_collection/group_025/dpct高位机/Bin/frames_index.npz,/mnt/ssd/Huawei/20260615/data_collection/group_025/dpct高位机/Bin/frames.binpack
20260615,group_025,dpct高位机,1781513078_755306300.bin,694,1002,0,1048576,/mnt/ssd/Huawei/20260615/data_collection/group_025/dpct高位机/Bin/frames_index.npz,/mnt/ssd/Huawei/20260615/data_collection/group_025/dpct高位机/Bin/frames.binpack
20260615,group_025,dpct高位机,1781513078_855351394.bin,695,1002,0,1048576,/mnt/ssd/Huawei/20260615/data_collection/group_025/dpct高位机/Bin/frames_index.npz,/mnt/ssd/Huawei/20260615/data_collection/group_025/dpct高位机/Bin/frames.binpack
20260615,group_025,dpct高位机,1781513078_955305445.bin,696,1002,0,1048576,/mnt/ssd/Huawei/20260615/data_collection/group_025/dpct高位机/Bin/frames_index.npz,/mnt/ssd/Huawei/20260615/data_collection/group_025/dpct高位机/Bin/frames.binpack
20260615,group_025,dpct高位机,1781513079_055282889.bin,697,1002,0,1048576,/mnt/ssd/Huawei/20260615/data_collection/group_025/dpct高位机/Bin/frames_index.npz,/mnt/ssd/Huawei/20260615/data_collection/group_025/dpct高位机/Bin/frames.binpack
20260615,group_025,dpct高位机,1781513079_155427826.bin,698,1002,0,1048576,/mnt/ssd/Huawei/20260615/data_collection/group_025/dpct高位机/Bin/frames_index.npz,/mnt/ssd/Huawei/20260615/data_collection/group_025/dpct高位机/Bin/frames.binpack
20260615,group_025,dpct高位机,1781513079_255324692.bin,699,1002,0,1048576,/mnt/ssd/Huawei/20260615/data_collection/group_025/dpct高位机/Bin/frames_index.npz,/mnt/ssd/Huawei/20260615/data_collection/group_025/dpct高位机/Bin/frames.binpack
20260615,group_025,dpct高位机,1781513079_355313048.bin,700,1002,0,1048576,/mnt/ssd/Huawei/20260615/data_collection/group_025/dpct高位机/Bin/frames_index.npz,/mnt/ssd/Huawei/20260615/data_collection/group_025/dpct高位机/Bin/frames.binpack
20260615,group_025,dpct高位机,1781513079_455370367.bin,701,1002,0,1048576,/mnt/ssd/Huawei/20260615/data_collection/group_025/dpct高位机/Bin/frames_index.npz,/mnt/ssd/Huawei/20260615/data_collection/group_025/dpct高位机/Bin/frames.binpack
20260615,group_025,dpct高位机,1781513079_555283297.bin,702,1002,0,1048576,/mnt/ssd/Huawei/20260615/data_collection/group_025/dpct高位机/Bin/frames_index.npz,/mnt/ssd/Huawei/20260615/data_collection/group_025/dpct高位机/Bin/frames.binpack
20260615,group_025,dpct高位机,1781513079_658185457.bin,703,1002,0,1048576,/mnt/ssd/Huawei/20260615/data_collection/group_025/dpct高位机/Bin/frames_index.npz,/mnt/ssd/Huawei/20260615/data_collection/group_025/dpct高位机/Bin/frames.binpack
20260615,group_025,dpct高位机,1781513079_755326188.bin,704,1002,0,1048576,/mnt/ssd/Huawei/20260615/data_collection/group_025/dpct高位机/Bin/frames_index.npz,/mnt/ssd/Huawei/20260615/data_collection/group_025/dpct高位机/Bin/frames.binpack
20260615,group_025,dpct高位机,1781513079_855294576.bin,705,1002,0,1048576,/mnt/ssd/Huawei/20260615/data_collection/group_025/dpct高位机/Bin/frames_index.npz,/mnt/ssd/Huawei/20260615/data_collection/group_025/dpct高位机/Bin/frames.binpack
20260615,group_025,dpct高位机,1781513079_958283266.bin,706,1002,0,1048576,/mnt/ssd/Huawei/20260615/data_collection/group_025/dpct高位机/Bin/frames_index.npz,/mnt/ssd/Huawei/20260615/data_collection/group_025/dpct高位机/Bin/frames.binpack
20260615,group_025,dpct高位机,1781513080_066775331.bin,707,1002,0,1048576,/mnt/ssd/Huawei/20260615/data_collection/group_025/dpct高位机/Bin/frames_index.npz,/mnt/ssd/Huawei/20260615/data_collection/group_025/dpct高位机/Bin/frames.binpack
20260615,group_025,dpct高位机,1781513080_155277950.bin,708,1002,0,1048576,/mnt/ssd/Huawei/20260615/data_collection/group_025/dpct高位机/Bin/frames_index.npz,/mnt/ssd/Huawei/20260615/data_collection/group_025/dpct高位机/Bin/frames.binpack
20260615,group_025,dpct高位机,1781513080_255314243.bin,709,1002,0,1048576,/mnt/ssd/Huawei/20260615/data_collection/group_025/dpct高位机/Bin/frames_index.npz,/mnt/ssd/Huawei/20260615/data_collection/group_025/dpct高位机/Bin/frames.binpack
20260615,group_025,dpct高位机,1781513080_355300072.bin,710,1002,0,1048576,/mnt/ssd/Huawei/20260615/data_collection/group_025/dpct高位机/Bin/frames_index.npz,/mnt/ssd/Huawei/20260615/data_collection/group_025/dpct高位机/Bin/frames.binpack
20260615,group_025,dpct高位机,1781513080_455302669.bin,711,1002,0,1048576,/mnt/ssd/Huawei/20260615/data_collection/group_025/dpct高位机/Bin/frames_index.npz,/mnt/ssd/Huawei/20260615/data_collection/group_025/dpct高位机/Bin/frames.binpack
20260615,group_025,dpct高位机,1781513080_555315026.bin,712,1002,0,1048576,/mnt/ssd/Huawei/20260615/data_collection/group_025/dpct高位机/Bin/frames_index.npz,/mnt/ssd/Huawei/20260615/data_collection/group_025/dpct高位机/Bin/frames.binpack
20260615,group_025,dpct高位机,1781513080_655350776.bin,713,1002,0,1048576,/mnt/ssd/Huawei/20260615/data_collection/group_025/dpct高位机/Bin/frames_index.npz,/mnt/ssd/Huawei/20260615/data_collection/group_025/dpct高位机/Bin/frames.binpack
20260615,group_025,dpct高位机,1781513080_755282331.bin,714,1002,0,1048576,/mnt/ssd/Huawei/20260615/data_collection/group_025/dpct高位机/Bin/frames_index.npz,/mnt/ssd/Huawei/20260615/data_collection/group_025/dpct高位机/Bin/frames.binpack
20260615,group_025,dpct高位机,1781513080_855347649.bin,715,1002,0,1048576,/mnt/ssd/Huawei/20260615/data_collection/group_025/dpct高位机/Bin/frames_index.npz,/mnt/ssd/Huawei/20260615/data_collection/group_025/dpct高位机/Bin/frames.binpack
20260615,group_025,dpct高位机,1781513080_955316357.bin,716,1002,0,1048576,/mnt/ssd/Huawei/20260615/data_collection/group_025/dpct高位机/Bin/frames_index.npz,/mnt/ssd/Huawei/20260615/data_collection/group_025/dpct高位机/Bin/frames.binpack
20260615,group_025,dpct高位机,1781513081_055341323.bin,717,1002,0,1048576,/mnt/ssd/Huawei/20260615/data_collection/group_025/dpct高位机/Bin/frames_index.npz,/mnt/ssd/Huawei/20260615/data_collection/group_025/dpct高位机/Bin/frames.binpack
20260615,group_025,dpct高位机,1781513081_155338768.bin,718,1002,0,1048576,/mnt/ssd/Huawei/20260615/data_collection/group_025/dpct高位机/Bin/frames_index.npz,/mnt/ssd/Huawei/20260615/data_collection/group_025/dpct高位机/Bin/frames.binpack
20260615,group_025,dpct高位机,1781513081_255296980.bin,719,1002,0,1048576,/mnt/ssd/Huawei/20260615/data_collection/group_025/dpct高位机/Bin/frames_index.npz,/mnt/ssd/Huawei/20260615/data_collection/group_025/dpct高位机/Bin/frames.binpack
20260615,group_025,dpct高位机,1781513081_355271512.bin,720,1002,0,1048576,/mnt/ssd/Huawei/20260615/data_collection/group_025/dpct高位机/Bin/frames_index.npz,/mnt/ssd/Huawei/20260615/data_collection/group_025/dpct高位机/Bin/frames.binpack
20260615,group_025,dpct高位机,1781513081_455330975.bin,721,1002,0,1048576,/mnt/ssd/Huawei/20260615/data_collection/group_025/dpct高位机/Bin/frames_index.npz,/mnt/ssd/Huawei/20260615/data_collection/group_025/dpct高位机/Bin/frames.binpack
20260615,group_025,dpct高位机,1781513081_555314499.bin,722,1002,0,1048576,/mnt/ssd/Huawei/20260615/data_collection/group_025/dpct高位机/Bin/frames_index.npz,/mnt/ssd/Huawei/20260615/data_collection/group_025/dpct高位机/Bin/frames.binpack
20260615,group_025,dpct高位机,1781513081_655345129.bin,723,1002,0,1048576,/mnt/ssd/Huawei/20260615/data_collection/group_025/dpct高位机/Bin/frames_index.npz,/mnt/ssd/Huawei/20260615/data_collection/group_025/dpct高位机/Bin/frames.binpack
20260615,group_025,dpct高位机,1781513081_755316653.bin,724,1002,0,1048576,/mnt/ssd/Huawei/20260615/data_collection/group_025/dpct高位机/Bin/frames_index.npz,/mnt/ssd/Huawei/20260615/data_collection/group_025/dpct高位机/Bin/frames.binpack
20260615,group_025,dpct高位机,1781513081_855345267.bin,725,1002,0,1048576,/mnt/ssd/Huawei/20260615/data_collection/group_025/dpct高位机/Bin/frames_index.npz,/mnt/ssd/Huawei/20260615/data_collection/group_025/dpct高位机/Bin/frames.binpack
20260615,group_025,dpct高位机,1781513081_955262166.bin,726,1002,0,1048576,/mnt/ssd/Huawei/20260615/data_collection/group_025/dpct高位机/Bin/frames_index.npz,/mnt/ssd/Huawei/20260615/data_collection/group_025/dpct高位机/Bin/frames.binpack
20260615,group_025,dpct高位机,1781513082_055317948.bin,727,1002,0,1048576,/mnt/ssd/Huawei/20260615/data_collection/group_025/dpct高位机/Bin/frames_index.npz,/mnt/ssd/Huawei/20260615/data_collection/group_025/dpct高位机/Bin/frames.binpack
20260615,group_025,dpct高位机,1781513082_156092662.bin,728,1002,0,1048576,/mnt/ssd/Huawei/20260615/data_collection/group_025/dpct高位机/Bin/frames_index.npz,/mnt/ssd/Huawei/20260615/data_collection/group_025/dpct高位机/Bin/frames.binpack
20260615,group_025,dpct高位机,1781513082_255267845.bin,729,1002,0,1048576,/mnt/ssd/Huawei/20260615/data_collection/group_025/dpct高位机/Bin/frames_index.npz,/mnt/ssd/Huawei/20260615/data_collection/group_025/dpct高位机/Bin/frames.binpack
20260615,group_025,dpct高位机,1781513082_356742577.bin,730,1002,0,1048576,/mnt/ssd/Huawei/20260615/data_collection/group_025/dpct高位机/Bin/frames_index.npz,/mnt/ssd/Huawei/20260615/data_collection/group_025/dpct高位机/Bin/frames.binpack
20260615,group_025,dpct高位机,1781513082_455271632.bin,731,1002,0,1048576,/mnt/ssd/Huawei/20260615/data_collection/group_025/dpct高位机/Bin/frames_index.npz,/mnt/ssd/Huawei/20260615/data_collection/group_025/dpct高位机/Bin/frames.binpack
20260615,group_025,dpct高位机,1781513082_555301622.bin,732,1002,0,1048576,/mnt/ssd/Huawei/20260615/data_collection/group_025/dpct高位机/Bin/frames_index.npz,/mnt/ssd/Huawei/20260615/data_collection/group_025/dpct高位机/Bin/frames.binpack
20260615,group_025,dpct高位机,1781513082_655271194.bin,733,1002,0,1048576,/mnt/ssd/Huawei/20260615/data_collection/group_025/dpct高位机/Bin/frames_index.npz,/mnt/ssd/Huawei/20260615/data_collection/group_025/dpct高位机/Bin/frames.binpack
20260615,group_025,dpct高位机,1781513082_755318400.bin,734,1002,0,1048576,/mnt/ssd/Huawei/20260615/data_collection/group_025/dpct高位机/Bin/frames_index.npz,/mnt/ssd/Huawei/20260615/data_collection/group_025/dpct高位机/Bin/frames.binpack
20260615,group_025,dpct高位机,1781513082_855278533.bin,735,1002,0,1048576,/mnt/ssd/Huawei/20260615/data_collection/group_025/dpct高位机/Bin/frames_index.npz,/mnt/ssd/Huawei/20260615/data_collection/group_025/dpct高位机/Bin/frames.binpack
20260615,group_025,dpct高位机,1781513082_955294506.bin,736,1002,0,1048576,/mnt/ssd/Huawei/20260615/data_collection/group_025/dpct高位机/Bin/frames_index.npz,/mnt/ssd/Huawei/20260615/data_collection/group_025/dpct高位机/Bin/frames.binpack
20260615,group_025,dpct高位机,1781513083_055295471.bin,737,1002,0,1048576,/mnt/ssd/Huawei/20260615/data_collection/group_025/dpct高位机/Bin/frames_index.npz,/mnt/ssd/Huawei/20260615/data_collection/group_025/dpct高位机/Bin/frames.binpack
20260615,group_025,dpct高位机,1781513083_155356278.bin,738,1002,0,1048576,/mnt/ssd/Huawei/20260615/data_collection/group_025/dpct高位机/Bin/frames_index.npz,/mnt/ssd/Huawei/20260615/data_collection/group_025/dpct高位机/Bin/frames.binpack
20260615,group_025,dpct高位机,1781513083_255296250.bin,739,1002,0,1048576,/mnt/ssd/Huawei/20260615/data_collection/group_025/dpct高位机/Bin/frames_index.npz,/mnt/ssd/Huawei/20260615/data_collection/group_025/dpct高位机/Bin/frames.binpack
20260615,group_025,dpct高位机,1781513083_355254398.bin,740,1002,0,1048576,/mnt/ssd/Huawei/20260615/data_collection/group_025/dpct高位机/Bin/frames_index.npz,/mnt/ssd/Huawei/20260615/data_collection/group_025/dpct高位机/Bin/frames.binpack
20260615,group_025,dpct高位机,1781513083_455288068.bin,741,1002,0,1048576,/mnt/ssd/Huawei/20260615/data_collection/group_025/dpct高位机/Bin/frames_index.npz,/mnt/ssd/Huawei/20260615/data_collection/group_025/dpct高位机/Bin/frames.binpack
20260615,group_025,dpct高位机,1781513083_555322570.bin,742,1002,0,1048576,/mnt/ssd/Huawei/20260615/data_collection/group_025/dpct高位机/Bin/frames_index.npz,/mnt/ssd/Huawei/20260615/data_collection/group_025/dpct高位机/Bin/frames.binpack
20260615,group_025,dpct高位机,1781513083_655320464.bin,743,1002,0,1048576,/mnt/ssd/Huawei/20260615/data_collection/group_025/dpct高位机/Bin/frames_index.npz,/mnt/ssd/Huawei/20260615/data_collection/group_025/dpct高位机/Bin/frames.binpack
20260615,group_025,dpct高位机,1781513083_755306421.bin,744,1002,0,1048576,/mnt/ssd/Huawei/20260615/data_collection/group_025/dpct高位机/Bin/frames_index.npz,/mnt/ssd/Huawei/20260615/data_collection/group_025/dpct高位机/Bin/frames.binpack
20260615,group_025,dpct高位机,1781513083_855253688.bin,745,1002,0,1048576,/mnt/ssd/Huawei/20260615/data_collection/group_025/dpct高位机/Bin/frames_index.npz,/mnt/ssd/Huawei/20260615/data_collection/group_025/dpct高位机/Bin/frames.binpack
20260615,group_025,dpct高位机,1781513083_955298623.bin,746,1002,0,1048576,/mnt/ssd/Huawei/20260615/data_collection/group_025/dpct高位机/Bin/frames_index.npz,/mnt/ssd/Huawei/20260615/data_collection/group_025/dpct高位机/Bin/frames.binpack
20260615,group_025,dpct高位机,1781513084_055363974.bin,747,1002,0,1048576,/mnt/ssd/Huawei/20260615/data_collection/group_025/dpct高位机/Bin/frames_index.npz,/mnt/ssd/Huawei/20260615/data_collection/group_025/dpct高位机/Bin/frames.binpack
20260615,group_025,dpct高位机,1781513084_155269641.bin,748,1002,0,1048576,/mnt/ssd/Huawei/20260615/data_collection/group_025/dpct高位机/Bin/frames_index.npz,/mnt/ssd/Huawei/20260615/data_collection/group_025/dpct高位机/Bin/frames.binpack
20260615,group_025,dpct高位机,1781513084_255321936.bin,749,1002,0,1048576,/mnt/ssd/Huawei/20260615/data_collection/group_025/dpct高位机/Bin/frames_index.npz,/mnt/ssd/Huawei/20260615/data_collection/group_025/dpct高位机/Bin/frames.binpack
20260615,group_025,dpct高位机,1781513084_360347096.bin,750,1002,0,1048576,/mnt/ssd/Huawei/20260615/data_collection/group_025/dpct高位机/Bin/frames_index.npz,/mnt/ssd/Huawei/20260615/data_collection/group_025/dpct高位机/Bin/frames.binpack
20260615,group_025,dpct高位机,1781513084_468181897.bin,751,1002,0,1048576,/mnt/ssd/Huawei/20260615/data_collection/group_025/dpct高位机/Bin/frames_index.npz,/mnt/ssd/Huawei/20260615/data_collection/group_025/dpct高位机/Bin/frames.binpack
20260615,group_025,dpct高位机,1781513084_555316704.bin,752,1002,0,1048576,/mnt/ssd/Huawei/20260615/data_collection/group_025/dpct高位机/Bin/frames_index.npz,/mnt/ssd/Huawei/20260615/data_collection/group_025/dpct高位机/Bin/frames.binpack
20260615,group_025,dpct高位机,1781513084_656165307.bin,753,1002,0,1048576,/mnt/ssd/Huawei/20260615/data_collection/group_025/dpct高位机/Bin/frames_index.npz,/mnt/ssd/Huawei/20260615/data_collection/group_025/dpct高位机/Bin/frames.binpack
20260615,group_025,dpct高位机,1781513084_755282538.bin,754,1002,0,1048576,/mnt/ssd/Huawei/20260615/data_collection/group_025/dpct高位机/Bin/frames_index.npz,/mnt/ssd/Huawei/20260615/data_collection/group_025/dpct高位机/Bin/frames.binpack
20260615,group_025,dpct高位机,1781513084_855348881.bin,755,1002,0,1048576,/mnt/ssd/Huawei/20260615/data_collection/group_025/dpct高位机/Bin/frames_index.npz,/mnt/ssd/Huawei/20260615/data_collection/group_025/dpct高位机/Bin/frames.binpack
20260615,group_025,dpct高位机,1781513084_955583036.bin,756,1002,0,1048576,/mnt/ssd/Huawei/20260615/data_collection/group_025/dpct高位机/Bin/frames_index.npz,/mnt/ssd/Huawei/20260615/data_collection/group_025/dpct高位机/Bin/frames.binpack
20260615,group_025,dpct高位机,1781513085_055282650.bin,757,1002,0,1048576,/mnt/ssd/Huawei/20260615/data_collection/group_025/dpct高位机/Bin/frames_index.npz,/mnt/ssd/Huawei/20260615/data_collection/group_025/dpct高位机/Bin/frames.binpack
20260615,group_025,dpct高位机,1781513085_155333569.bin,758,1002,0,1048576,/mnt/ssd/Huawei/20260615/data_collection/group_025/dpct高位机/Bin/frames_index.npz,/mnt/ssd/Huawei/20260615/data_collection/group_025/dpct高位机/Bin/frames.binpack
20260615,group_025,dpct高位机,1781513085_255314246.bin,759,1002,0,1048576,/mnt/ssd/Huawei/20260615/data_collection/group_025/dpct高位机/Bin/frames_index.npz,/mnt/ssd/Huawei/20260615/data_collection/group_025/dpct高位机/Bin/frames.binpack
20260615,group_025,dpct高位机,1781513085_355326828.bin,760,1002,0,1048576,/mnt/ssd/Huawei/20260615/data_collection/group_025/dpct高位机/Bin/frames_index.npz,/mnt/ssd/Huawei/20260615/data_collection/group_025/dpct高位机/Bin/frames.binpack
20260615,group_025,dpct高位机,1781513085_455556983.bin,761,1002,0,1048576,/mnt/ssd/Huawei/20260615/data_collection/group_025/dpct高位机/Bin/frames_index.npz,/mnt/ssd/Huawei/20260615/data_collection/group_025/dpct高位机/Bin/frames.binpack
20260615,group_025,dpct高位机,1781513085_555315031.bin,762,1002,0,1048576,/mnt/ssd/Huawei/20260615/data_collection/group_025/dpct高位机/Bin/frames_index.npz,/mnt/ssd/Huawei/20260615/data_collection/group_025/dpct高位机/Bin/frames.binpack
20260615,group_025,dpct高位机,1781513085_755302401.bin,763,1002,0,1048576,/mnt/ssd/Huawei/20260615/data_collection/group_025/dpct高位机/Bin/frames_index.npz,/mnt/ssd/Huawei/20260615/data_collection/group_025/dpct高位机/Bin/frames.binpack
20260615,group_025,dpct高位机,1781513085_960286094.bin,764,1002,0,1048576,/mnt/ssd/Huawei/20260615/data_collection/group_025/dpct高位机/Bin/frames_index.npz,/mnt/ssd/Huawei/20260615/data_collection/group_025/dpct高位机/Bin/frames.binpack
20260615,group_025,dpct高位机,1781513086_357684417.bin,765,1002,0,1048576,/mnt/ssd/Huawei/20260615/data_collection/group_025/dpct高位机/Bin/frames_index.npz,/mnt/ssd/Huawei/20260615/data_collection/group_025/dpct高位机/Bin/frames.binpack
20260615,group_025,dpct高位机,1781513086_455295145.bin,766,1002,0,1048576,/mnt/ssd/Huawei/20260615/data_collection/group_025/dpct高位机/Bin/frames_index.npz,/mnt/ssd/Huawei/20260615/data_collection/group_025/dpct高位机/Bin/frames.binpack
20260615,group_025,dpct高位机,1781513086_555328047.bin,767,1002,0,1048576,/mnt/ssd/Huawei/20260615/data_collection/group_025/dpct高位机/Bin/frames_index.npz,/mnt/ssd/Huawei/20260615/data_collection/group_025/dpct高位机/Bin/frames.binpack
20260615,group_025,dpct高位机,1781513086_655280596.bin,768,1002,0,1048576,/mnt/ssd/Huawei/20260615/data_collection/group_025/dpct高位机/Bin/frames_index.npz,/mnt/ssd/Huawei/20260615/data_collection/group_025/dpct高位机/Bin/frames.binpack
20260615,group_025,dpct高位机,1781513086_755260921.bin,769,1002,0,1048576,/mnt/ssd/Huawei/20260615/data_collection/group_025/dpct高位机/Bin/frames_index.npz,/mnt/ssd/Huawei/20260615/data_collection/group_025/dpct高位机/Bin/frames.binpack
20260615,group_025,dpct高位机,1781513086_855266559.bin,770,1002,0,1048576,/mnt/ssd/Huawei/20260615/data_collection/group_025/dpct高位机/Bin/frames_index.npz,/mnt/ssd/Huawei/20260615/data_collection/group_025/dpct高位机/Bin/frames.binpack
20260615,group_025,dpct高位机,1781513086_955248484.bin,771,1002,0,1048576,/mnt/ssd/Huawei/20260615/data_collection/group_025/dpct高位机/Bin/frames_index.npz,/mnt/ssd/Huawei/20260615/data_collection/group_025/dpct高位机/Bin/frames.binpack
20260615,group_025,dpct高位机,1781513087_057071513.bin,772,1002,0,1048576,/mnt/ssd/Huawei/20260615/data_collection/group_025/dpct高位机/Bin/frames_index.npz,/mnt/ssd/Huawei/20260615/data_collection/group_025/dpct高位机/Bin/frames.binpack
20260615,group_025,dpct高位机,1781513087_164159479.bin,773,1002,0,1048576,/mnt/ssd/Huawei/20260615/data_collection/group_025/dpct高位机/Bin/frames_index.npz,/mnt/ssd/Huawei/20260615/data_collection/group_025/dpct高位机/Bin/frames.binpack
20260615,group_025,dpct高位机,1781513087_255274614.bin,774,1002,0,1048576,/mnt/ssd/Huawei/20260615/data_collection/group_025/dpct高位机/Bin/frames_index.npz,/mnt/ssd/Huawei/20260615/data_collection/group_025/dpct高位机/Bin/frames.binpack
20260615,group_025,dpct高位机,1781513087_355274108.bin,775,1002,0,1048576,/mnt/ssd/Huawei/20260615/data_collection/group_025/dpct高位机/Bin/frames_index.npz,/mnt/ssd/Huawei/20260615/data_collection/group_025/dpct高位机/Bin/frames.binpack
20260615,group_025,dpct高位机,1781513087_555298568.bin,776,1002,0,1048576,/mnt/ssd/Huawei/20260615/data_collection/group_025/dpct高位机/Bin/frames_index.npz,/mnt/ssd/Huawei/20260615/data_collection/group_025/dpct高位机/Bin/frames.binpack
20260615,group_025,dpct高位机,1781513087_655243341.bin,777,1002,0,1048576,/mnt/ssd/Huawei/20260615/data_collection/group_025/dpct高位机/Bin/frames_index.npz,/mnt/ssd/Huawei/20260615/data_collection/group_025/dpct高位机/Bin/frames.binpack
20260615,group_025,dpct高位机,1781513087_932343851.bin,778,1002,0,1048576,/mnt/ssd/Huawei/20260615/data_collection/group_025/dpct高位机/Bin/frames_index.npz,/mnt/ssd/Huawei/20260615/data_collection/group_025/dpct高位机/Bin/frames.binpack
20260615,group_025,dpct高位机,1781513088_032260751.bin,779,1002,0,1048576,/mnt/ssd/Huawei/20260615/data_collection/group_025/dpct高位机/Bin/frames_index.npz,/mnt/ssd/Huawei/20260615/data_collection/group_025/dpct高位机/Bin/frames.binpack
20260615,group_025,dpct高位机,1781513088_132533372.bin,780,1002,0,1048576,/mnt/ssd/Huawei/20260615/data_collection/group_025/dpct高位机/Bin/frames_index.npz,/mnt/ssd/Huawei/20260615/data_collection/group_025/dpct高位机/Bin/frames.binpack
20260615,group_025,dpct高位机,1781513088_232366365.bin,781,1002,0,1048576,/mnt/ssd/Huawei/20260615/data_collection/group_025/dpct高位机/Bin/frames_index.npz,/mnt/ssd/Huawei/20260615/data_collection/group_025/dpct高位机/Bin/frames.binpack
20260615,group_025,dpct高位机,1781513088_336148070.bin,782,1002,0,1048576,/mnt/ssd/Huawei/20260615/data_collection/group_025/dpct高位机/Bin/frames_index.npz,/mnt/ssd/Huawei/20260615/data_collection/group_025/dpct高位机/Bin/frames.binpack
20260615,group_025,dpct高位机,1781513088_435296726.bin,783,1002,0,1048576,/mnt/ssd/Huawei/20260615/data_collection/group_025/dpct高位机/Bin/frames_index.npz,/mnt/ssd/Huawei/20260615/data_collection/group_025/dpct高位机/Bin/frames.binpack
20260615,group_025,dpct高位机,1781513088_536137137.bin,784,1002,0,1048576,/mnt/ssd/Huawei/20260615/data_collection/group_025/dpct高位机/Bin/frames_index.npz,/mnt/ssd/Huawei/20260615/data_collection/group_025/dpct高位机/Bin/frames.binpack
20260615,group_025,dpct高位机,1781513088_635253344.bin,785,1002,0,1048576,/mnt/ssd/Huawei/20260615/data_collection/group_025/dpct高位机/Bin/frames_index.npz,/mnt/ssd/Huawei/20260615/data_collection/group_025/dpct高位机/Bin/frames.binpack
20260615,group_025,dpct高位机,1781513088_735400458.bin,786,1002,0,1048576,/mnt/ssd/Huawei/20260615/data_collection/group_025/dpct高位机/Bin/frames_index.npz,/mnt/ssd/Huawei/20260615/data_collection/group_025/dpct高位机/Bin/frames.binpack
20260615,group_025,dpct高位机,1781513088_835373359.bin,787,1002,0,1048576,/mnt/ssd/Huawei/20260615/data_collection/group_025/dpct高位机/Bin/frames_index.npz,/mnt/ssd/Huawei/20260615/data_collection/group_025/dpct高位机/Bin/frames.binpack
20260615,group_025,dpct高位机,1781513088_935412822.bin,788,1002,0,1048576,/mnt/ssd/Huawei/20260615/data_collection/group_025/dpct高位机/Bin/frames_index.npz,/mnt/ssd/Huawei/20260615/data_collection/group_025/dpct高位机/Bin/frames.binpack
20260615,group_025,dpct高位机,1781513089_035912649.bin,789,1002,0,1048576,/mnt/ssd/Huawei/20260615/data_collection/group_025/dpct高位机/Bin/frames_index.npz,/mnt/ssd/Huawei/20260615/data_collection/group_025/dpct高位机/Bin/frames.binpack
20260615,group_025,dpct高位机,1781513089_136273817.bin,790,1002,0,1048576,/mnt/ssd/Huawei/20260615/data_collection/group_025/dpct高位机/Bin/frames_index.npz,/mnt/ssd/Huawei/20260615/data_collection/group_025/dpct高位机/Bin/frames.binpack
20260615,group_025,dpct高位机,1781513089_238058349.bin,791,1002,0,1048576,/mnt/ssd/Huawei/20260615/data_collection/group_025/dpct高位机/Bin/frames_index.npz,/mnt/ssd/Huawei/20260615/data_collection/group_025/dpct高位机/Bin/frames.binpack
20260615,group_025,dpct高位机,1781513089_339192593.bin,792,1002,0,1048576,/mnt/ssd/Huawei/20260615/data_collection/group_025/dpct高位机/Bin/frames_index.npz,/mnt/ssd/Huawei/20260615/data_collection/group_025/dpct高位机/Bin/frames.binpack
20260615,group_025,dpct高位机,1781513089_439467742.bin,793,1002,0,1048576,/mnt/ssd/Huawei/20260615/data_collection/group_025/dpct高位机/Bin/frames_index.npz,/mnt/ssd/Huawei/20260615/data_collection/group_025/dpct高位机/Bin/frames.binpack
20260615,group_025,dpct高位机,1781513089_539463268.bin,794,1002,0,1048576,/mnt/ssd/Huawei/20260615/data_collection/group_025/dpct高位机/Bin/frames_index.npz,/mnt/ssd/Huawei/20260615/data_collection/group_025/dpct高位机/Bin/frames.binpack
20260615,group_025,dpct高位机,1781513089_639611726.bin,795,1002,0,1048576,/mnt/ssd/Huawei/20260615/data_collection/group_025/dpct高位机/Bin/frames_index.npz,/mnt/ssd/Huawei/20260615/data_collection/group_025/dpct高位机/Bin/frames.binpack
20260615,group_025,dpct高位机,1781513089_741378690.bin,796,1002,0,1048576,/mnt/ssd/Huawei/20260615/data_collection/group_025/dpct高位机/Bin/frames_index.npz,/mnt/ssd/Huawei/20260615/data_collection/group_025/dpct高位机/Bin/frames.binpack
20260615,group_025,dpct高位机,1781513089_840865115.bin,797,1002,0,1048576,/mnt/ssd/Huawei/20260615/data_collection/group_025/dpct高位机/Bin/frames_index.npz,/mnt/ssd/Huawei/20260615/data_collection/group_025/dpct高位机/Bin/frames.binpack
20260615,group_025,dpct高位机,1781513089_940922434.bin,798,1002,0,1048576,/mnt/ssd/Huawei/20260615/data_collection/group_025/dpct高位机/Bin/frames_index.npz,/mnt/ssd/Huawei/20260615/data_collection/group_025/dpct高位机/Bin/frames.binpack
20260615,group_025,dpct高位机,1781513090_042048582.bin,799,1002,0,1048576,/mnt/ssd/Huawei/20260615/data_collection/group_025/dpct高位机/Bin/frames_index.npz,/mnt/ssd/Huawei/20260615/data_collection/group_025/dpct高位机/Bin/frames.binpack
20260615,group_025,dpct高位机,1781513090_141053202.bin,800,1002,0,1048576,/mnt/ssd/Huawei/20260615/data_collection/group_025/dpct高位机/Bin/frames_index.npz,/mnt/ssd/Huawei/20260615/data_collection/group_025/dpct高位机/Bin/frames.binpack
20260615,group_025,dpct高位机,1781513090_241197692.bin,801,1002,0,1048576,/mnt/ssd/Huawei/20260615/data_collection/group_025/dpct高位机/Bin/frames_index.npz,/mnt/ssd/Huawei/20260615/data_collection/group_025/dpct高位机/Bin/frames.binpack
20260615,group_025,dpct高位机,1781513090_341216099.bin,802,1002,0,1048576,/mnt/ssd/Huawei/20260615/data_collection/group_025/dpct高位机/Bin/frames_index.npz,/mnt/ssd/Huawei/20260615/data_collection/group_025/dpct高位机/Bin/frames.binpack
20260615,group_025,dpct高位机,1781513090_441205929.bin,803,1002,0,1048576,/mnt/ssd/Huawei/20260615/data_collection/group_025/dpct高位机/Bin/frames_index.npz,/mnt/ssd/Huawei/20260615/data_collection/group_025/dpct高位机/Bin/frames.binpack
20260615,group_025,dpct高位机,1781513090_541204623.bin,804,1002,0,1048576,/mnt/ssd/Huawei/20260615/data_collection/group_025/dpct高位机/Bin/frames_index.npz,/mnt/ssd/Huawei/20260615/data_collection/group_025/dpct高位机/Bin/frames.binpack
20260615,group_025,dpct高位机,1781513090_641368729.bin,805,1002,0,1048576,/mnt/ssd/Huawei/20260615/data_collection/group_025/dpct高位机/Bin/frames_index.npz,/mnt/ssd/Huawei/20260615/data_collection/group_025/dpct高位机/Bin/frames.binpack
20260615,group_025,dpct高位机,1781513090_741247869.bin,806,1002,0,1048576,/mnt/ssd/Huawei/20260615/data_collection/group_025/dpct高位机/Bin/frames_index.npz,/mnt/ssd/Huawei/20260615/data_collection/group_025/dpct高位机/Bin/frames.binpack
20260615,group_025,dpct高位机,1781513090_844162031.bin,807,1002,0,1048576,/mnt/ssd/Huawei/20260615/data_collection/group_025/dpct高位机/Bin/frames_index.npz,/mnt/ssd/Huawei/20260615/data_collection/group_025/dpct高位机/Bin/frames.binpack
20260615,group_025,dpct高位机,1781513090_948183741.bin,808,1002,0,1048576,/mnt/ssd/Huawei/20260615/data_collection/group_025/dpct高位机/Bin/frames_index.npz,/mnt/ssd/Huawei/20260615/data_collection/group_025/dpct高位机/Bin/frames.binpack
20260615,group_025,dpct高位机,1781513091_048553069.bin,809,1002,0,1048576,/mnt/ssd/Huawei/20260615/data_collection/group_025/dpct高位机/Bin/frames_index.npz,/mnt/ssd/Huawei/20260615/data_collection/group_025/dpct高位机/Bin/frames.binpack
20260615,group_025,dpct高位机,1781513091_148601397.bin,810,1002,0,1048576,/mnt/ssd/Huawei/20260615/data_collection/group_025/dpct高位机/Bin/frames_index.npz,/mnt/ssd/Huawei/20260615/data_collection/group_025/dpct高位机/Bin/frames.binpack
20260615,group_025,dpct高位机,1781513091_248680509.bin,811,1002,0,1048576,/mnt/ssd/Huawei/20260615/data_collection/group_025/dpct高位机/Bin/frames_index.npz,/mnt/ssd/Huawei/20260615/data_collection/group_025/dpct高位机/Bin/frames.binpack
20260615,group_025,dpct高位机,1781513091_348717509.bin,812,1002,0,1048576,/mnt/ssd/Huawei/20260615/data_collection/group_025/dpct高位机/Bin/frames_index.npz,/mnt/ssd/Huawei/20260615/data_collection/group_025/dpct高位机/Bin/frames.binpack
20260615,group_025,dpct高位机,1781513091_448708427.bin,813,1002,0,1048576,/mnt/ssd/Huawei/20260615/data_collection/group_025/dpct高位机/Bin/frames_index.npz,/mnt/ssd/Huawei/20260615/data_collection/group_025/dpct高位机/Bin/frames.binpack
20260615,group_025,dpct高位机,1781513091_549659306.bin,814,1002,0,1048576,/mnt/ssd/Huawei/20260615/data_collection/group_025/dpct高位机/Bin/frames_index.npz,/mnt/ssd/Huawei/20260615/data_collection/group_025/dpct高位机/Bin/frames.binpack
20260615,group_025,dpct高位机,1781513091_649709969.bin,815,1002,0,1048576,/mnt/ssd/Huawei/20260615/data_collection/group_025/dpct高位机/Bin/frames_index.npz,/mnt/ssd/Huawei/20260615/data_collection/group_025/dpct高位机/Bin/frames.binpack
20260615,group_025,dpct高位机,1781513091_749690359.bin,816,1002,0,1048576,/mnt/ssd/Huawei/20260615/data_collection/group_025/dpct高位机/Bin/frames_index.npz,/mnt/ssd/Huawei/20260615/data_collection/group_025/dpct高位机/Bin/frames.binpack
20260615,group_025,dpct高位机,1781513091_849678589.bin,817,1002,0,1048576,/mnt/ssd/Huawei/20260615/data_collection/group_025/dpct高位机/Bin/frames_index.npz,/mnt/ssd/Huawei/20260615/data_collection/group_025/dpct高位机/Bin/frames.binpack
20260615,group_025,dpct高位机,1781513091_949674276.bin,818,1002,0,1048576,/mnt/ssd/Huawei/20260615/data_collection/group_025/dpct高位机/Bin/frames_index.npz,/mnt/ssd/Huawei/20260615/data_collection/group_025/dpct高位机/Bin/frames.binpack
20260615,group_025,dpct高位机,1781513092_050336603.bin,819,1002,0,1048576,/mnt/ssd/Huawei/20260615/data_collection/group_025/dpct高位机/Bin/frames_index.npz,/mnt/ssd/Huawei/20260615/data_collection/group_025/dpct高位机/Bin/frames.binpack
20260615,group_025,dpct高位机,1781513092_149689521.bin,820,1002,0,1048576,/mnt/ssd/Huawei/20260615/data_collection/group_025/dpct高位机/Bin/frames_index.npz,/mnt/ssd/Huawei/20260615/data_collection/group_025/dpct高位机/Bin/frames.binpack
20260615,group_025,dpct高位机,1781513092_249653430.bin,821,1002,0,1048576,/mnt/ssd/Huawei/20260615/data_collection/group_025/dpct高位机/Bin/frames_index.npz,/mnt/ssd/Huawei/20260615/data_collection/group_025/dpct高位机/Bin/frames.binpack
20260615,group_025,dpct高位机,1781513092_349625788.bin,822,1002,0,1048576,/mnt/ssd/Huawei/20260615/data_collection/group_025/dpct高位机/Bin/frames_index.npz,/mnt/ssd/Huawei/20260615/data_collection/group_025/dpct高位机/Bin/frames.binpack
20260615,group_025,dpct高位机,1781513092_449655364.bin,823,1002,0,1048576,/mnt/ssd/Huawei/20260615/data_collection/group_025/dpct高位机/Bin/frames_index.npz,/mnt/ssd/Huawei/20260615/data_collection/group_025/dpct高位机/Bin/frames.binpack
20260615,group_025,dpct高位机,1781513092_549625673.bin,824,1002,0,1048576,/mnt/ssd/Huawei/20260615/data_collection/group_025/dpct高位机/Bin/frames_index.npz,/mnt/ssd/Huawei/20260615/data_collection/group_025/dpct高位机/Bin/frames.binpack
20260615,group_025,dpct高位机,1781513092_649738131.bin,825,1002,0,1048576,/mnt/ssd/Huawei/20260615/data_collection/group_025/dpct高位机/Bin/frames_index.npz,/mnt/ssd/Huawei/20260615/data_collection/group_025/dpct高位机/Bin/frames.binpack
20260615,group_025,dpct高位机,1781513092_749632662.bin,826,1002,0,1048576,/mnt/ssd/Huawei/20260615/data_collection/group_025/dpct高位机/Bin/frames_index.npz,/mnt/ssd/Huawei/20260615/data_collection/group_025/dpct高位机/Bin/frames.binpack
20260615,group_025,dpct高位机,1781513092_849617949.bin,827,1002,0,1048576,/mnt/ssd/Huawei/20260615/data_collection/group_025/dpct高位机/Bin/frames_index.npz,/mnt/ssd/Huawei/20260615/data_collection/group_025/dpct高位机/Bin/frames.binpack
20260615,group_025,dpct高位机,1781513092_949657700.bin,828,1002,0,1048576,/mnt/ssd/Huawei/20260615/data_collection/group_025/dpct高位机/Bin/frames_index.npz,/mnt/ssd/Huawei/20260615/data_collection/group_025/dpct高位机/Bin/frames.binpack
20260615,group_025,dpct高位机,1781513093_149703443.bin,829,1002,0,1048576,/mnt/ssd/Huawei/20260615/data_collection/group_025/dpct高位机/Bin/frames_index.npz,/mnt/ssd/Huawei/20260615/data_collection/group_025/dpct高位机/Bin/frames.binpack
20260615,group_025,dpct高位机,1781513093_249679481.bin,830,1002,0,1048576,/mnt/ssd/Huawei/20260615/data_collection/group_025/dpct高位机/Bin/frames_index.npz,/mnt/ssd/Huawei/20260615/data_collection/group_025/dpct高位机/Bin/frames.binpack
20260615,group_025,dpct高位机,1781513093_350512181.bin,831,1002,0,1048576,/mnt/ssd/Huawei/20260615/data_collection/group_025/dpct高位机/Bin/frames_index.npz,/mnt/ssd/Huawei/20260615/data_collection/group_025/dpct高位机/Bin/frames.binpack
20260615,group_025,dpct高位机,1781513093_549624043.bin,832,1002,0,1048576,/mnt/ssd/Huawei/20260615/data_collection/group_025/dpct高位机/Bin/frames_index.npz,/mnt/ssd/Huawei/20260615/data_collection/group_025/dpct高位机/Bin/frames.binpack
20260615,group_025,dpct高位机,1781513093_649710452.bin,833,1002,0,1048576,/mnt/ssd/Huawei/20260615/data_collection/group_025/dpct高位机/Bin/frames_index.npz,/mnt/ssd/Huawei/20260615/data_collection/group_025/dpct高位机/Bin/frames.binpack
20260615,group_025,dpct高位机,1781513093_753587551.bin,834,1002,0,1048576,/mnt/ssd/Huawei/20260615/data_collection/group_025/dpct高位机/Bin/frames_index.npz,/mnt/ssd/Huawei/20260615/data_collection/group_025/dpct高位机/Bin/frames.binpack
20260615,group_025,dpct高位机,1781513093_849660672.bin,835,1002,0,1048576,/mnt/ssd/Huawei/20260615/data_collection/group_025/dpct高位机/Bin/frames_index.npz,/mnt/ssd/Huawei/20260615/data_collection/group_025/dpct高位机/Bin/frames.binpack
20260615,group_025,dpct高位机,1781513093_949686119.bin,836,1002,0,1048576,/mnt/ssd/Huawei/20260615/data_collection/group_025/dpct高位机/Bin/frames_index.npz,/mnt/ssd/Huawei/20260615/data_collection/group_025/dpct高位机/Bin/frames.binpack
20260615,group_025,dpct高位机,1781513094_049627404.bin,837,1002,0,1048576,/mnt/ssd/Huawei/20260615/data_collection/group_025/dpct高位机/Bin/frames_index.npz,/mnt/ssd/Huawei/20260615/data_collection/group_025/dpct高位机/Bin/frames.binpack
20260615,group_025,dpct高位机,1781513094_149680500.bin,838,1002,0,1048576,/mnt/ssd/Huawei/20260615/data_collection/group_025/dpct高位机/Bin/frames_index.npz,/mnt/ssd/Huawei/20260615/data_collection/group_025/dpct高位机/Bin/frames.binpack
20260615,group_025,dpct高位机,1781513094_249624154.bin,839,1002,0,1048576,/mnt/ssd/Huawei/20260615/data_collection/group_025/dpct高位机/Bin/frames_index.npz,/mnt/ssd/Huawei/20260615/data_collection/group_025/dpct高位机/Bin/frames.binpack
20260615,group_025,dpct高位机,1781513094_349676482.bin,840,1002,0,1048576,/mnt/ssd/Huawei/20260615/data_collection/group_025/dpct高位机/Bin/frames_index.npz,/mnt/ssd/Huawei/20260615/data_collection/group_025/dpct高位机/Bin/frames.binpack
20260615,group_025,dpct高位机,1781513094_449629223.bin,841,1002,0,1048576,/mnt/ssd/Huawei/20260615/data_collection/group_025/dpct高位机/Bin/frames_index.npz,/mnt/ssd/Huawei/20260615/data_collection/group_025/dpct高位机/Bin/frames.binpack
20260615,group_025,dpct高位机,1781513094_556489313.bin,842,1002,0,1048576,/mnt/ssd/Huawei/20260615/data_collection/group_025/dpct高位机/Bin/frames_index.npz,/mnt/ssd/Huawei/20260615/data_collection/group_025/dpct高位机/Bin/frames.binpack
20260615,group_025,dpct高位机,1781513094_649626421.bin,843,1002,0,1048576,/mnt/ssd/Huawei/20260615/data_collection/group_025/dpct高位机/Bin/frames_index.npz,/mnt/ssd/Huawei/20260615/data_collection/group_025/dpct高位机/Bin/frames.binpack
20260615,group_025,dpct高位机,1781513094_749685469.bin,844,1002,0,1048576,/mnt/ssd/Huawei/20260615/data_collection/group_025/dpct高位机/Bin/frames_index.npz,/mnt/ssd/Huawei/20260615/data_collection/group_025/dpct高位机/Bin/frames.binpack
20260615,group_025,dpct高位机,1781513094_849632611.bin,845,1002,0,1048576,/mnt/ssd/Huawei/20260615/data_collection/group_025/dpct高位机/Bin/frames_index.npz,/mnt/ssd/Huawei/20260615/data_collection/group_025/dpct高位机/Bin/frames.binpack
20260615,group_025,dpct高位机,1781513094_950912555.bin,846,1002,0,1048576,/mnt/ssd/Huawei/20260615/data_collection/group_025/dpct高位机/Bin/frames_index.npz,/mnt/ssd/Huawei/20260615/data_collection/group_025/dpct高位机/Bin/frames.binpack
20260615,group_025,dpct高位机,1781513095_149635607.bin,847,1002,0,1048576,/mnt/ssd/Huawei/20260615/data_collection/group_025/dpct高位机/Bin/frames_index.npz,/mnt/ssd/Huawei/20260615/data_collection/group_025/dpct高位机/Bin/frames.binpack
20260615,group_025,dpct高位机,1781513095_252256546.bin,848,1002,0,1048576,/mnt/ssd/Huawei/20260615/data_collection/group_025/dpct高位机/Bin/frames_index.npz,/mnt/ssd/Huawei/20260615/data_collection/group_025/dpct高位机/Bin/frames.binpack
20260615,group_025,dpct高位机,1781513095_349642469.bin,849,1002,0,1048576,/mnt/ssd/Huawei/20260615/data_collection/group_025/dpct高位机/Bin/frames_index.npz,/mnt/ssd/Huawei/20260615/data_collection/group_025/dpct高位机/Bin/frames.binpack
20260615,group_025,dpct高位机,1781513095_449628652.bin,850,1002,0,1048576,/mnt/ssd/Huawei/20260615/data_collection/group_025/dpct高位机/Bin/frames_index.npz,/mnt/ssd/Huawei/20260615/data_collection/group_025/dpct高位机/Bin/frames.binpack
20260615,group_025,dpct高位机,1781513095_549643859.bin,851,1002,0,1048576,/mnt/ssd/Huawei/20260615/data_collection/group_025/dpct高位机/Bin/frames_index.npz,/mnt/ssd/Huawei/20260615/data_collection/group_025/dpct高位机/Bin/frames.binpack
20260615,group_025,dpct高位机,1781513095_649662138.bin,852,1002,0,1048576,/mnt/ssd/Huawei/20260615/data_collection/group_025/dpct高位机/Bin/frames_index.npz,/mnt/ssd/Huawei/20260615/data_collection/group_025/dpct高位机/Bin/frames.binpack
20260615,group_025,dpct高位机,1781513095_749658913.bin,853,1002,0,1048576,/mnt/ssd/Huawei/20260615/data_collection/group_025/dpct高位机/Bin/frames_index.npz,/mnt/ssd/Huawei/20260615/data_collection/group_025/dpct高位机/Bin/frames.binpack
20260615,group_025,dpct高位机,1781513095_849667080.bin,854,1002,0,1048576,/mnt/ssd/Huawei/20260615/data_collection/group_025/dpct高位机/Bin/frames_index.npz,/mnt/ssd/Huawei/20260615/data_collection/group_025/dpct高位机/Bin/frames.binpack
20260615,group_025,dpct高位机,1781513095_949616686.bin,855,1002,0,1048576,/mnt/ssd/Huawei/20260615/data_collection/group_025/dpct高位机/Bin/frames_index.npz,/mnt/ssd/Huawei/20260615/data_collection/group_025/dpct高位机/Bin/frames.binpack
20260615,group_025,dpct高位机,1781513096_049624693.bin,856,1002,0,1048576,/mnt/ssd/Huawei/20260615/data_collection/group_025/dpct高位机/Bin/frames_index.npz,/mnt/ssd/Huawei/20260615/data_collection/group_025/dpct高位机/Bin/frames.binpack
20260615,group_025,dpct高位机,1781513096_149662685.bin,857,1002,0,1048576,/mnt/ssd/Huawei/20260615/data_collection/group_025/dpct高位机/Bin/frames_index.npz,/mnt/ssd/Huawei/20260615/data_collection/group_025/dpct高位机/Bin/frames.binpack
20260615,group_025,dpct高位机,1781513096_350010388.bin,858,1002,0,1048576,/mnt/ssd/Huawei/20260615/data_collection/group_025/dpct高位机/Bin/frames_index.npz,/mnt/ssd/Huawei/20260615/data_collection/group_025/dpct高位机/Bin/frames.binpack
20260615,group_025,dpct高位机,1781513096_449642386.bin,859,1002,0,1048576,/mnt/ssd/Huawei/20260615/data_collection/group_025/dpct高位机/Bin/frames_index.npz,/mnt/ssd/Huawei/20260615/data_collection/group_025/dpct高位机/Bin/frames.binpack
20260615,group_025,dpct高位机,1781513096_649625023.bin,860,1002,0,1048576,/mnt/ssd/Huawei/20260615/data_collection/group_025/dpct高位机/Bin/frames_index.npz,/mnt/ssd/Huawei/20260615/data_collection/group_025/dpct高位机/Bin/frames.binpack
20260615,group_025,dpct高位机,1781513096_750108723.bin,861,1002,0,1048576,/mnt/ssd/Huawei/20260615/data_collection/group_025/dpct高位机/Bin/frames_index.npz,/mnt/ssd/Huawei/20260615/data_collection/group_025/dpct高位机/Bin/frames.binpack
20260615,group_025,dpct高位机,1781513096_849606893.bin,862,1002,0,1048576,/mnt/ssd/Huawei/20260615/data_collection/group_025/dpct高位机/Bin/frames_index.npz,/mnt/ssd/Huawei/20260615/data_collection/group_025/dpct高位机/Bin/frames.binpack
20260615,group_025,dpct高位机,1781513096_949659829.bin,863,1002,0,1048576,/mnt/ssd/Huawei/20260615/data_collection/group_025/dpct高位机/Bin/frames_index.npz,/mnt/ssd/Huawei/20260615/data_collection/group_025/dpct高位机/Bin/frames.binpack
20260615,group_025,dpct高位机,1781513097_149634691.bin,864,1002,0,1048576,/mnt/ssd/Huawei/20260615/data_collection/group_025/dpct高位机/Bin/frames_index.npz,/mnt/ssd/Huawei/20260615/data_collection/group_025/dpct高位机/Bin/frames.binpack
20260615,group_025,dpct高位机,1781513097_249681163.bin,865,1002,0,1048576,/mnt/ssd/Huawei/20260615/data_collection/group_025/dpct高位机/Bin/frames_index.npz,/mnt/ssd/Huawei/20260615/data_collection/group_025/dpct高位机/Bin/frames.binpack
20260615,group_025,dpct高位机,1781513097_349684819.bin,866,1002,0,1048576,/mnt/ssd/Huawei/20260615/data_collection/group_025/dpct高位机/Bin/frames_index.npz,/mnt/ssd/Huawei/20260615/data_collection/group_025/dpct高位机/Bin/frames.binpack
20260615,group_025,dpct高位机,1781513097_460146282.bin,867,1002,0,1048576,/mnt/ssd/Huawei/20260615/data_collection/group_025/dpct高位机/Bin/frames_index.npz,/mnt/ssd/Huawei/20260615/data_collection/group_025/dpct高位机/Bin/frames.binpack
20260615,group_025,dpct高位机,1781513097_562990619.bin,868,1002,0,1048576,/mnt/ssd/Huawei/20260615/data_collection/group_025/dpct高位机/Bin/frames_index.npz,/mnt/ssd/Huawei/20260615/data_collection/group_025/dpct高位机/Bin/frames.binpack
20260615,group_025,dpct高位机,1781513097_649648871.bin,869,1002,0,1048576,/mnt/ssd/Huawei/20260615/data_collection/group_025/dpct高位机/Bin/frames_index.npz,/mnt/ssd/Huawei/20260615/data_collection/group_025/dpct高位机/Bin/frames.binpack
20260615,group_025,dpct高位机,1781513097_849622645.bin,870,1002,0,1048576,/mnt/ssd/Huawei/20260615/data_collection/group_025/dpct高位机/Bin/frames_index.npz,/mnt/ssd/Huawei/20260615/data_collection/group_025/dpct高位机/Bin/frames.binpack
20260615,group_025,dpct高位机,1781513097_949624860.bin,871,1002,0,1048576,/mnt/ssd/Huawei/20260615/data_collection/group_025/dpct高位机/Bin/frames_index.npz,/mnt/ssd/Huawei/20260615/data_collection/group_025/dpct高位机/Bin/frames.binpack
20260615,group_025,dpct高位机,1781513098_049648772.bin,872,1002,0,1048576,/mnt/ssd/Huawei/20260615/data_collection/group_025/dpct高位机/Bin/frames_index.npz,/mnt/ssd/Huawei/20260615/data_collection/group_025/dpct高位机/Bin/frames.binpack
20260615,group_025,dpct高位机,1781513098_149633547.bin,873,1002,0,1048576,/mnt/ssd/Huawei/20260615/data_collection/group_025/dpct高位机/Bin/frames_index.npz,/mnt/ssd/Huawei/20260615/data_collection/group_025/dpct高位机/Bin/frames.binpack
20260615,group_025,dpct高位机,1781513098_350708758.bin,874,1002,0,1048576,/mnt/ssd/Huawei/20260615/data_collection/group_025/dpct高位机/Bin/frames_index.npz,/mnt/ssd/Huawei/20260615/data_collection/group_025/dpct高位机/Bin/frames.binpack
20260615,group_025,dpct高位机,1781513098_449646881.bin,875,1002,0,1048576,/mnt/ssd/Huawei/20260615/data_collection/group_025/dpct高位机/Bin/frames_index.npz,/mnt/ssd/Huawei/20260615/data_collection/group_025/dpct高位机/Bin/frames.binpack
20260615,group_025,dpct高位机,1781513098_549650409.bin,876,1002,0,1048576,/mnt/ssd/Huawei/20260615/data_collection/group_025/dpct高位机/Bin/frames_index.npz,/mnt/ssd/Huawei/20260615/data_collection/group_025/dpct高位机/Bin/frames.binpack
20260615,group_025,dpct高位机,1781513098_751301730.bin,877,1002,0,1048576,/mnt/ssd/Huawei/20260615/data_collection/group_025/dpct高位机/Bin/frames_index.npz,/mnt/ssd/Huawei/20260615/data_collection/group_025/dpct高位机/Bin/frames.binpack
20260615,group_025,dpct高位机,1781513098_949758953.bin,878,1002,0,1048576,/mnt/ssd/Huawei/20260615/data_collection/group_025/dpct高位机/Bin/frames_index.npz,/mnt/ssd/Huawei/20260615/data_collection/group_025/dpct高位机/Bin/frames.binpack
20260615,group_025,dpct高位机,1781513099_049599628.bin,879,1002,0,1048576,/mnt/ssd/Huawei/20260615/data_collection/group_025/dpct高位机/Bin/frames_index.npz,/mnt/ssd/Huawei/20260615/data_collection/group_025/dpct高位机/Bin/frames.binpack
20260615,group_025,dpct高位机,1781513099_249743327.bin,880,1002,0,1048576,/mnt/ssd/Huawei/20260615/data_collection/group_025/dpct高位机/Bin/frames_index.npz,/mnt/ssd/Huawei/20260615/data_collection/group_025/dpct高位机/Bin/frames.binpack
20260615,group_025,dpct高位机,1781513099_349863337.bin,881,1002,0,1048576,/mnt/ssd/Huawei/20260615/data_collection/group_025/dpct高位机/Bin/frames_index.npz,/mnt/ssd/Huawei/20260615/data_collection/group_025/dpct高位机/Bin/frames.binpack
20260615,group_025,dpct高位机,1781513099_568570046.bin,882,1002,0,1048576,/mnt/ssd/Huawei/20260615/data_collection/group_025/dpct高位机/Bin/frames_index.npz,/mnt/ssd/Huawei/20260615/data_collection/group_025/dpct高位机/Bin/frames.binpack
20260615,group_025,dpct高位机,1781513099_649640282.bin,883,1002,0,1048576,/mnt/ssd/Huawei/20260615/data_collection/group_025/dpct高位机/Bin/frames_index.npz,/mnt/ssd/Huawei/20260615/data_collection/group_025/dpct高位机/Bin/frames.binpack
20260615,group_025,dpct高位机,1781513099_849611560.bin,884,1002,0,1048576,/mnt/ssd/Huawei/20260615/data_collection/group_025/dpct高位机/Bin/frames_index.npz,/mnt/ssd/Huawei/20260615/data_collection/group_025/dpct高位机/Bin/frames.binpack
20260615,group_025,dpct高位机,1781513099_949879702.bin,885,1002,0,1048576,/mnt/ssd/Huawei/20260615/data_collection/group_025/dpct高位机/Bin/frames_index.npz,/mnt/ssd/Huawei/20260615/data_collection/group_025/dpct高位机/Bin/frames.binpack
20260615,group_025,dpct高位机,1781513100_149671520.bin,886,1002,0,1048576,/mnt/ssd/Huawei/20260615/data_collection/group_025/dpct高位机/Bin/frames_index.npz,/mnt/ssd/Huawei/20260615/data_collection/group_025/dpct高位机/Bin/frames.binpack
20260615,group_025,dpct高位机,1781513100_249694696.bin,887,1002,0,1048576,/mnt/ssd/Huawei/20260615/data_collection/group_025/dpct高位机/Bin/frames_index.npz,/mnt/ssd/Huawei/20260615/data_collection/group_025/dpct高位机/Bin/frames.binpack
20260615,group_025,dpct高位机,1781513100_449718264.bin,888,1002,0,1048576,/mnt/ssd/Huawei/20260615/data_collection/group_025/dpct高位机/Bin/frames_index.npz,/mnt/ssd/Huawei/20260615/data_collection/group_025/dpct高位机/Bin/frames.binpack
20260615,group_025,dpct高位机,1781513100_649640485.bin,889,1002,0,1048576,/mnt/ssd/Huawei/20260615/data_collection/group_025/dpct高位机/Bin/frames_index.npz,/mnt/ssd/Huawei/20260615/data_collection/group_025/dpct高位机/Bin/frames.binpack
20260615,group_025,dpct高位机,1781513100_750565893.bin,890,1002,0,1048576,/mnt/ssd/Huawei/20260615/data_collection/group_025/dpct高位机/Bin/frames_index.npz,/mnt/ssd/Huawei/20260615/data_collection/group_025/dpct高位机/Bin/frames.binpack
20260615,group_025,dpct高位机,1781513100_850638190.bin,891,1002,0,1048576,/mnt/ssd/Huawei/20260615/data_collection/group_025/dpct高位机/Bin/frames_index.npz,/mnt/ssd/Huawei/20260615/data_collection/group_025/dpct高位机/Bin/frames.binpack
20260615,group_025,dpct高位机,1781513100_949601723.bin,892,1002,0,1048576,/mnt/ssd/Huawei/20260615/data_collection/group_025/dpct高位机/Bin/frames_index.npz,/mnt/ssd/Huawei/20260615/data_collection/group_025/dpct高位机/Bin/frames.binpack
20260615,group_025,dpct高位机,1781513101_050801730.bin,893,1002,0,1048576,/mnt/ssd/Huawei/20260615/data_collection/group_025/dpct高位机/Bin/frames_index.npz,/mnt/ssd/Huawei/20260615/data_collection/group_025/dpct高位机/Bin/frames.binpack
20260615,group_025,dpct高位机,1781513101_351281253.bin,894,1002,0,1048576,/mnt/ssd/Huawei/20260615/data_collection/group_025/dpct高位机/Bin/frames_index.npz,/mnt/ssd/Huawei/20260615/data_collection/group_025/dpct高位机/Bin/frames.binpack
20260615,group_025,dpct高位机,1781513101_749602712.bin,895,1002,0,1048576,/mnt/ssd/Huawei/20260615/data_collection/group_025/dpct高位机/Bin/frames_index.npz,/mnt/ssd/Huawei/20260615/data_collection/group_025/dpct高位机/Bin/frames.binpack
20260615,group_025,dpct高位机,1781513101_949606888.bin,896,1002,0,1048576,/mnt/ssd/Huawei/20260615/data_collection/group_025/dpct高位机/Bin/frames_index.npz,/mnt/ssd/Huawei/20260615/data_collection/group_025/dpct高位机/Bin/frames.binpack
20260615,group_025,dpct高位机,1781513102_272986463.bin,897,1002,0,1048576,/mnt/ssd/Huawei/20260615/data_collection/group_025/dpct高位机/Bin/frames_index.npz,/mnt/ssd/Huawei/20260615/data_collection/group_025/dpct高位机/Bin/frames.binpack
20260615,group_025,dpct高位机,1781513102_374211815.bin,898,1002,0,1048576,/mnt/ssd/Huawei/20260615/data_collection/group_025/dpct高位机/Bin/frames_index.npz,/mnt/ssd/Huawei/20260615/data_collection/group_025/dpct高位机/Bin/frames.binpack
20260615,group_025,dpct高位机,1781513102_549856349.bin,899,1002,0,1048576,/mnt/ssd/Huawei/20260615/data_collection/group_025/dpct高位机/Bin/frames_index.npz,/mnt/ssd/Huawei/20260615/data_collection/group_025/dpct高位机/Bin/frames.binpack
20260615,group_025,dpct高位机,1781513102_649827460.bin,900,1002,0,1048576,/mnt/ssd/Huawei/20260615/data_collection/group_025/dpct高位机/Bin/frames_index.npz,/mnt/ssd/Huawei/20260615/data_collection/group_025/dpct高位机/Bin/frames.binpack
20260615,group_025,dpct高位机,1781513102_849852917.bin,901,1002,0,1048576,/mnt/ssd/Huawei/20260615/data_collection/group_025/dpct高位机/Bin/frames_index.npz,/mnt/ssd/Huawei/20260615/data_collection/group_025/dpct高位机/Bin/frames.binpack
20260615,group_025,dpct高位机,1781513103_149638919.bin,902,1002,0,1048576,/mnt/ssd/Huawei/20260615/data_collection/group_025/dpct高位机/Bin/frames_index.npz,/mnt/ssd/Huawei/20260615/data_collection/group_025/dpct高位机/Bin/frames.binpack
20260615,group_025,dpct高位机,1781513103_249599438.bin,903,1002,0,1048576,/mnt/ssd/Huawei/20260615/data_collection/group_025/dpct高位机/Bin/frames_index.npz,/mnt/ssd/Huawei/20260615/data_collection/group_025/dpct高位机/Bin/frames.binpack
20260615,group_025,dpct高位机,1781513103_349596310.bin,904,1002,0,1048576,/mnt/ssd/Huawei/20260615/data_collection/group_025/dpct高位机/Bin/frames_index.npz,/mnt/ssd/Huawei/20260615/data_collection/group_025/dpct高位机/Bin/frames.binpack
20260615,group_025,dpct高位机,1781513103_449586013.bin,905,1002,0,1048576,/mnt/ssd/Huawei/20260615/data_collection/group_025/dpct高位机/Bin/frames_index.npz,/mnt/ssd/Huawei/20260615/data_collection/group_025/dpct高位机/Bin/frames.binpack
20260615,group_025,dpct高位机,1781513103_549619078.bin,906,1002,0,1048576,/mnt/ssd/Huawei/20260615/data_collection/group_025/dpct高位机/Bin/frames_index.npz,/mnt/ssd/Huawei/20260615/data_collection/group_025/dpct高位机/Bin/frames.binpack
20260615,group_025,dpct高位机,1781513103_649619694.bin,907,1002,0,1048576,/mnt/ssd/Huawei/20260615/data_collection/group_025/dpct高位机/Bin/frames_index.npz,/mnt/ssd/Huawei/20260615/data_collection/group_025/dpct高位机/Bin/frames.binpack
20260615,group_025,dpct高位机,1781513103_749694936.bin,908,1002,0,1048576,/mnt/ssd/Huawei/20260615/data_collection/group_025/dpct高位机/Bin/frames_index.npz,/mnt/ssd/Huawei/20260615/data_collection/group_025/dpct高位机/Bin/frames.binpack
20260615,group_025,dpct高位机,1781513103_849575869.bin,909,1002,0,1048576,/mnt/ssd/Huawei/20260615/data_collection/group_025/dpct高位机/Bin/frames_index.npz,/mnt/ssd/Huawei/20260615/data_collection/group_025/dpct高位机/Bin/frames.binpack
20260615,group_025,dpct高位机,1781513103_949611590.bin,910,1002,0,1048576,/mnt/ssd/Huawei/20260615/data_collection/group_025/dpct高位机/Bin/frames_index.npz,/mnt/ssd/Huawei/20260615/data_collection/group_025/dpct高位机/Bin/frames.binpack
20260615,group_025,dpct高位机,1781513104_049586157.bin,911,1002,0,1048576,/mnt/ssd/Huawei/20260615/data_collection/group_025/dpct高位机/Bin/frames_index.npz,/mnt/ssd/Huawei/20260615/data_collection/group_025/dpct高位机/Bin/frames.binpack
20260615,group_025,dpct高位机,1781513104_250744476.bin,912,1002,0,1048576,/mnt/ssd/Huawei/20260615/data_collection/group_025/dpct高位机/Bin/frames_index.npz,/mnt/ssd/Huawei/20260615/data_collection/group_025/dpct高位机/Bin/frames.binpack
20260615,group_025,dpct高位机,1781513104_349603750.bin,913,1002,0,1048576,/mnt/ssd/Huawei/20260615/data_collection/group_025/dpct高位机/Bin/frames_index.npz,/mnt/ssd/Huawei/20260615/data_collection/group_025/dpct高位机/Bin/frames.binpack
20260615,group_025,dpct高位机,1781513104_550655634.bin,914,1002,0,1048576,/mnt/ssd/Huawei/20260615/data_collection/group_025/dpct高位机/Bin/frames_index.npz,/mnt/ssd/Huawei/20260615/data_collection/group_025/dpct高位机/Bin/frames.binpack
20260615,group_025,dpct高位机,1781513104_652625645.bin,915,1002,0,1048576,/mnt/ssd/Huawei/20260615/data_collection/group_025/dpct高位机/Bin/frames_index.npz,/mnt/ssd/Huawei/20260615/data_collection/group_025/dpct高位机/Bin/frames.binpack
20260615,group_025,dpct高位机,1781513104_949598999.bin,916,1002,0,1048576,/mnt/ssd/Huawei/20260615/data_collection/group_025/dpct高位机/Bin/frames_index.npz,/mnt/ssd/Huawei/20260615/data_collection/group_025/dpct高位机/Bin/frames.binpack
20260615,group_025,dpct高位机,1781513105_049600159.bin,917,1002,0,1048576,/mnt/ssd/Huawei/20260615/data_collection/group_025/dpct高位机/Bin/frames_index.npz,/mnt/ssd/Huawei/20260615/data_collection/group_025/dpct高位机/Bin/frames.binpack
20260615,group_025,dpct高位机,1781513105_152163466.bin,918,1002,0,1048576,/mnt/ssd/Huawei/20260615/data_collection/group_025/dpct高位机/Bin/frames_index.npz,/mnt/ssd/Huawei/20260615/data_collection/group_025/dpct高位机/Bin/frames.binpack
20260615,group_025,dpct高位机,1781513105_272979695.bin,919,1002,0,1048576,/mnt/ssd/Huawei/20260615/data_collection/group_025/dpct高位机/Bin/frames_index.npz,/mnt/ssd/Huawei/20260615/data_collection/group_025/dpct高位机/Bin/frames.binpack
20260615,group_025,dpct高位机,1781513105_349784412.bin,920,1002,0,1048576,/mnt/ssd/Huawei/20260615/data_collection/group_025/dpct高位机/Bin/frames_index.npz,/mnt/ssd/Huawei/20260615/data_collection/group_025/dpct高位机/Bin/frames.binpack
20260615,group_025,dpct高位机,1781513105_449588288.bin,921,1002,0,1048576,/mnt/ssd/Huawei/20260615/data_collection/group_025/dpct高位机/Bin/frames_index.npz,/mnt/ssd/Huawei/20260615/data_collection/group_025/dpct高位机/Bin/frames.binpack
20260615,group_025,dpct高位机,1781513105_549690410.bin,922,1002,0,1048576,/mnt/ssd/Huawei/20260615/data_collection/group_025/dpct高位机/Bin/frames_index.npz,/mnt/ssd/Huawei/20260615/data_collection/group_025/dpct高位机/Bin/frames.binpack
20260615,group_025,dpct高位机,1781513105_849564800.bin,923,1002,0,1048576,/mnt/ssd/Huawei/20260615/data_collection/group_025/dpct高位机/Bin/frames_index.npz,/mnt/ssd/Huawei/20260615/data_collection/group_025/dpct高位机/Bin/frames.binpack
20260615,group_025,dpct高位机,1781513105_949985843.bin,924,1002,0,1048576,/mnt/ssd/Huawei/20260615/data_collection/group_025/dpct高位机/Bin/frames_index.npz,/mnt/ssd/Huawei/20260615/data_collection/group_025/dpct高位机/Bin/frames.binpack
20260615,group_025,dpct高位机,1781513106_049552912.bin,925,1002,0,1048576,/mnt/ssd/Huawei/20260615/data_collection/group_025/dpct高位机/Bin/frames_index.npz,/mnt/ssd/Huawei/20260615/data_collection/group_025/dpct高位机/Bin/frames.binpack
20260615,group_025,dpct高位机,1781513106_252720723.bin,926,1002,0,1048576,/mnt/ssd/Huawei/20260615/data_collection/group_025/dpct高位机/Bin/frames_index.npz,/mnt/ssd/Huawei/20260615/data_collection/group_025/dpct高位机/Bin/frames.binpack
20260615,group_025,dpct高位机,1781513106_449565970.bin,927,1002,0,1048576,/mnt/ssd/Huawei/20260615/data_collection/group_025/dpct高位机/Bin/frames_index.npz,/mnt/ssd/Huawei/20260615/data_collection/group_025/dpct高位机/Bin/frames.binpack
20260615,group_025,dpct高位机,1781513106_652530608.bin,928,1002,0,1048576,/mnt/ssd/Huawei/20260615/data_collection/group_025/dpct高位机/Bin/frames_index.npz,/mnt/ssd/Huawei/20260615/data_collection/group_025/dpct高位机/Bin/frames.binpack
20260615,group_025,dpct高位机,1781513106_749553707.bin,929,1002,0,1048576,/mnt/ssd/Huawei/20260615/data_collection/group_025/dpct高位机/Bin/frames_index.npz,/mnt/ssd/Huawei/20260615/data_collection/group_025/dpct高位机/Bin/frames.binpack
20260615,group_025,dpct高位机,1781513106_849615413.bin,930,1002,0,1048576,/mnt/ssd/Huawei/20260615/data_collection/group_025/dpct高位机/Bin/frames_index.npz,/mnt/ssd/Huawei/20260615/data_collection/group_025/dpct高位机/Bin/frames.binpack
20260615,group_025,dpct高位机,1781513106_956140679.bin,931,1002,0,1048576,/mnt/ssd/Huawei/20260615/data_collection/group_025/dpct高位机/Bin/frames_index.npz,/mnt/ssd/Huawei/20260615/data_collection/group_025/dpct高位机/Bin/frames.binpack
20260615,group_025,dpct高位机,1781513107_053133153.bin,932,1002,0,1048576,/mnt/ssd/Huawei/20260615/data_collection/group_025/dpct高位机/Bin/frames_index.npz,/mnt/ssd/Huawei/20260615/data_collection/group_025/dpct高位机/Bin/frames.binpack
20260615,group_025,dpct高位机,1781513107_249592022.bin,933,1002,0,1048576,/mnt/ssd/Huawei/20260615/data_collection/group_025/dpct高位机/Bin/frames_index.npz,/mnt/ssd/Huawei/20260615/data_collection/group_025/dpct高位机/Bin/frames.binpack
20260615,group_025,dpct高位机,1781513107_449606471.bin,934,1002,0,1048576,/mnt/ssd/Huawei/20260615/data_collection/group_025/dpct高位机/Bin/frames_index.npz,/mnt/ssd/Huawei/20260615/data_collection/group_025/dpct高位机/Bin/frames.binpack
20260615,group_025,dpct高位机,1781513107_549561967.bin,935,1002,0,1048576,/mnt/ssd/Huawei/20260615/data_collection/group_025/dpct高位机/Bin/frames_index.npz,/mnt/ssd/Huawei/20260615/data_collection/group_025/dpct高位机/Bin/frames.binpack
20260615,group_025,dpct高位机,1781513107_649684858.bin,936,1002,0,1048576,/mnt/ssd/Huawei/20260615/data_collection/group_025/dpct高位机/Bin/frames_index.npz,/mnt/ssd/Huawei/20260615/data_collection/group_025/dpct高位机/Bin/frames.binpack
20260615,group_025,dpct高位机,1781513107_849654538.bin,937,1002,0,1048576,/mnt/ssd/Huawei/20260615/data_collection/group_025/dpct高位机/Bin/frames_index.npz,/mnt/ssd/Huawei/20260615/data_collection/group_025/dpct高位机/Bin/frames.binpack
20260615,group_025,dpct高位机,1781513107_949648851.bin,938,1002,0,1048576,/mnt/ssd/Huawei/20260615/data_collection/group_025/dpct高位机/Bin/frames_index.npz,/mnt/ssd/Huawei/20260615/data_collection/group_025/dpct高位机/Bin/frames.binpack
20260615,group_025,dpct高位机,1781513108_049710237.bin,939,1002,0,1048576,/mnt/ssd/Huawei/20260615/data_collection/group_025/dpct高位机/Bin/frames_index.npz,/mnt/ssd/Huawei/20260615/data_collection/group_025/dpct高位机/Bin/frames.binpack
20260615,group_025,dpct高位机,1781513108_252261457.bin,940,1002,0,1048576,/mnt/ssd/Huawei/20260615/data_collection/group_025/dpct高位机/Bin/frames_index.npz,/mnt/ssd/Huawei/20260615/data_collection/group_025/dpct高位机/Bin/frames.binpack
20260615,group_025,dpct高位机,1781513108_449585692.bin,941,1002,0,1048576,/mnt/ssd/Huawei/20260615/data_collection/group_025/dpct高位机/Bin/frames_index.npz,/mnt/ssd/Huawei/20260615/data_collection/group_025/dpct高位机/Bin/frames.binpack
20260615,group_025,dpct高位机,1781513108_549591333.bin,942,1002,0,1048576,/mnt/ssd/Huawei/20260615/data_collection/group_025/dpct高位机/Bin/frames_index.npz,/mnt/ssd/Huawei/20260615/data_collection/group_025/dpct高位机/Bin/frames.binpack
20260615,group_025,dpct高位机,1781513108_649562381.bin,943,1002,0,1048576,/mnt/ssd/Huawei/20260615/data_collection/group_025/dpct高位机/Bin/frames_index.npz,/mnt/ssd/Huawei/20260615/data_collection/group_025/dpct高位机/Bin/frames.binpack
20260615,group_025,dpct高位机,1781513108_749656824.bin,944,1002,0,1048576,/mnt/ssd/Huawei/20260615/data_collection/group_025/dpct高位机/Bin/frames_index.npz,/mnt/ssd/Huawei/20260615/data_collection/group_025/dpct高位机/Bin/frames.binpack
20260615,group_025,dpct高位机,1781513108_849613568.bin,945,1002,0,1048576,/mnt/ssd/Huawei/20260615/data_collection/group_025/dpct高位机/Bin/frames_index.npz,/mnt/ssd/Huawei/20260615/data_collection/group_025/dpct高位机/Bin/frames.binpack
20260615,group_025,dpct高位机,1781513109_349562922.bin,946,1002,0,1048576,/mnt/ssd/Huawei/20260615/data_collection/group_025/dpct高位机/Bin/frames_index.npz,/mnt/ssd/Huawei/20260615/data_collection/group_025/dpct高位机/Bin/frames.binpack
20260615,group_025,dpct高位机,1781513109_549589884.bin,947,1002,0,1048576,/mnt/ssd/Huawei/20260615/data_collection/group_025/dpct高位机/Bin/frames_index.npz,/mnt/ssd/Huawei/20260615/data_collection/group_025/dpct高位机/Bin/frames.binpack
20260615,group_025,dpct高位机,1781513109_749554893.bin,948,1002,0,1048576,/mnt/ssd/Huawei/20260615/data_collection/group_025/dpct高位机/Bin/frames_index.npz,/mnt/ssd/Huawei/20260615/data_collection/group_025/dpct高位机/Bin/frames.binpack
20260615,group_025,dpct高位机,1781513109_956887677.bin,949,1002,0,1048576,/mnt/ssd/Huawei/20260615/data_collection/group_025/dpct高位机/Bin/frames_index.npz,/mnt/ssd/Huawei/20260615/data_collection/group_025/dpct高位机/Bin/frames.binpack
20260615,group_025,dpct高位机,1781513110_049565351.bin,950,1002,0,1048576,/mnt/ssd/Huawei/20260615/data_collection/group_025/dpct高位机/Bin/frames_index.npz,/mnt/ssd/Huawei/20260615/data_collection/group_025/dpct高位机/Bin/frames.binpack
20260615,group_025,dpct高位机,1781513110_249639003.bin,951,1002,0,1048576,/mnt/ssd/Huawei/20260615/data_collection/group_025/dpct高位机/Bin/frames_index.npz,/mnt/ssd/Huawei/20260615/data_collection/group_025/dpct高位机/Bin/frames.binpack
20260615,group_025,dpct高位机,1781513110_349584290.bin,952,1002,0,1048576,/mnt/ssd/Huawei/20260615/data_collection/group_025/dpct高位机/Bin/frames_index.npz,/mnt/ssd/Huawei/20260615/data_collection/group_025/dpct高位机/Bin/frames.binpack
20260615,group_025,dpct高位机,1781513110_449616076.bin,953,1002,0,1048576,/mnt/ssd/Huawei/20260615/data_collection/group_025/dpct高位机/Bin/frames_index.npz,/mnt/ssd/Huawei/20260615/data_collection/group_025/dpct高位机/Bin/frames.binpack
20260615,group_025,dpct高位机,1781513110_649570621.bin,954,1002,0,1048576,/mnt/ssd/Huawei/20260615/data_collection/group_025/dpct高位机/Bin/frames_index.npz,/mnt/ssd/Huawei/20260615/data_collection/group_025/dpct高位机/Bin/frames.binpack
20260615,group_025,dpct高位机,1781513110_849596271.bin,955,1002,0,1048576,/mnt/ssd/Huawei/20260615/data_collection/group_025/dpct高位机/Bin/frames_index.npz,/mnt/ssd/Huawei/20260615/data_collection/group_025/dpct高位机/Bin/frames.binpack
20260615,group_025,dpct高位机,1781513111_059134457.bin,956,1002,0,1048576,/mnt/ssd/Huawei/20260615/data_collection/group_025/dpct高位机/Bin/frames_index.npz,/mnt/ssd/Huawei/20260615/data_collection/group_025/dpct高位机/Bin/frames.binpack
20260615,group_025,dpct高位机,1781513111_249585203.bin,957,1002,0,1048576,/mnt/ssd/Huawei/20260615/data_collection/group_025/dpct高位机/Bin/frames_index.npz,/mnt/ssd/Huawei/20260615/data_collection/group_025/dpct高位机/Bin/frames.binpack
20260615,group_025,dpct高位机,1781513111_649585495.bin,958,1002,0,1048576,/mnt/ssd/Huawei/20260615/data_collection/group_025/dpct高位机/Bin/frames_index.npz,/mnt/ssd/Huawei/20260615/data_collection/group_025/dpct高位机/Bin/frames.binpack
20260615,group_025,dpct高位机,1781513111_849578153.bin,959,1002,0,1048576,/mnt/ssd/Huawei/20260615/data_collection/group_025/dpct高位机/Bin/frames_index.npz,/mnt/ssd/Huawei/20260615/data_collection/group_025/dpct高位机/Bin/frames.binpack
20260615,group_025,dpct高位机,1781513111_949584658.bin,960,1002,0,1048576,/mnt/ssd/Huawei/20260615/data_collection/group_025/dpct高位机/Bin/frames_index.npz,/mnt/ssd/Huawei/20260615/data_collection/group_025/dpct高位机/Bin/frames.binpack
20260615,group_025,dpct高位机,1781513112_349544885.bin,961,1002,0,1048576,/mnt/ssd/Huawei/20260615/data_collection/group_025/dpct高位机/Bin/frames_index.npz,/mnt/ssd/Huawei/20260615/data_collection/group_025/dpct高位机/Bin/frames.binpack
20260615,group_025,dpct高位机,1781513112_751897463.bin,962,1002,0,1048576,/mnt/ssd/Huawei/20260615/data_collection/group_025/dpct高位机/Bin/frames_index.npz,/mnt/ssd/Huawei/20260615/data_collection/group_025/dpct高位机/Bin/frames.binpack
20260615,group_025,dpct高位机,1781513113_949547433.bin,963,1002,0,1048576,/mnt/ssd/Huawei/20260615/data_collection/group_025/dpct高位机/Bin/frames_index.npz,/mnt/ssd/Huawei/20260615/data_collection/group_025/dpct高位机/Bin/frames.binpack
20260615,group_025,dpct高位机,1781513114_149561084.bin,964,1002,0,1048576,/mnt/ssd/Huawei/20260615/data_collection/group_025/dpct高位机/Bin/frames_index.npz,/mnt/ssd/Huawei/20260615/data_collection/group_025/dpct高位机/Bin/frames.binpack
20260615,group_025,dpct高位机,1781513114_249542181.bin,965,1002,0,1048576,/mnt/ssd/Huawei/20260615/data_collection/group_025/dpct高位机/Bin/frames_index.npz,/mnt/ssd/Huawei/20260615/data_collection/group_025/dpct高位机/Bin/frames.binpack
20260615,group_025,dpct高位机,1781513114_349554959.bin,966,1002,0,1048576,/mnt/ssd/Huawei/20260615/data_collection/group_025/dpct高位机/Bin/frames_index.npz,/mnt/ssd/Huawei/20260615/data_collection/group_025/dpct高位机/Bin/frames.binpack
20260615,group_025,dpct高位机,1781513114_549557922.bin,967,1002,0,1048576,/mnt/ssd/Huawei/20260615/data_collection/group_025/dpct高位机/Bin/frames_index.npz,/mnt/ssd/Huawei/20260615/data_collection/group_025/dpct高位机/Bin/frames.binpack
20260615,group_025,dpct高位机,1781513114_649525739.bin,968,1002,0,1048576,/mnt/ssd/Huawei/20260615/data_collection/group_025/dpct高位机/Bin/frames_index.npz,/mnt/ssd/Huawei/20260615/data_collection/group_025/dpct高位机/Bin/frames.binpack
20260615,group_025,dpct高位机,1781513115_049545681.bin,969,1002,0,1048576,/mnt/ssd/Huawei/20260615/data_collection/group_025/dpct高位机/Bin/frames_index.npz,/mnt/ssd/Huawei/20260615/data_collection/group_025/dpct高位机/Bin/frames.binpack
20260615,group_025,dpct高位机,1781513115_149556667.bin,970,1002,0,1048576,/mnt/ssd/Huawei/20260615/data_collection/group_025/dpct高位机/Bin/frames_index.npz,/mnt/ssd/Huawei/20260615/data_collection/group_025/dpct高位机/Bin/frames.binpack
20260615,group_025,dpct高位机,1781513115_449577080.bin,971,1002,0,1048576,/mnt/ssd/Huawei/20260615/data_collection/group_025/dpct高位机/Bin/frames_index.npz,/mnt/ssd/Huawei/20260615/data_collection/group_025/dpct高位机/Bin/frames.binpack
20260615,group_025,dpct高位机,1781513115_549776934.bin,972,1002,0,1048576,/mnt/ssd/Huawei/20260615/data_collection/group_025/dpct高位机/Bin/frames_index.npz,/mnt/ssd/Huawei/20260615/data_collection/group_025/dpct高位机/Bin/frames.binpack
20260615,group_025,dpct高位机,1781513115_752244954.bin,973,1002,0,1048576,/mnt/ssd/Huawei/20260615/data_collection/group_025/dpct高位机/Bin/frames_index.npz,/mnt/ssd/Huawei/20260615/data_collection/group_025/dpct高位机/Bin/frames.binpack
20260615,group_025,dpct高位机,1781513116_149648957.bin,974,1002,0,1048576,/mnt/ssd/Huawei/20260615/data_collection/group_025/dpct高位机/Bin/frames_index.npz,/mnt/ssd/Huawei/20260615/data_collection/group_025/dpct高位机/Bin/frames.binpack
20260615,group_025,dpct高位机,1781513116_249527203.bin,975,1002,0,1048576,/mnt/ssd/Huawei/20260615/data_collection/group_025/dpct高位机/Bin/frames_index.npz,/mnt/ssd/Huawei/20260615/data_collection/group_025/dpct高位机/Bin/frames.binpack
20260615,group_025,dpct高位机,1781513116_350668266.bin,976,1002,0,1048576,/mnt/ssd/Huawei/20260615/data_collection/group_025/dpct高位机/Bin/frames_index.npz,/mnt/ssd/Huawei/20260615/data_collection/group_025/dpct高位机/Bin/frames.binpack
20260615,group_025,dpct高位机,1781513116_649545162.bin,977,1002,0,1048576,/mnt/ssd/Huawei/20260615/data_collection/group_025/dpct高位机/Bin/frames_index.npz,/mnt/ssd/Huawei/20260615/data_collection/group_025/dpct高位机/Bin/frames.binpack
20260615,group_025,dpct高位机,1781513116_749515667.bin,978,1002,0,1048576,/mnt/ssd/Huawei/20260615/data_collection/group_025/dpct高位机/Bin/frames_index.npz,/mnt/ssd/Huawei/20260615/data_collection/group_025/dpct高位机/Bin/frames.binpack
20260615,group_025,dpct高位机,1781513117_049548177.bin,979,1002,0,1048576,/mnt/ssd/Huawei/20260615/data_collection/group_025/dpct高位机/Bin/frames_index.npz,/mnt/ssd/Huawei/20260615/data_collection/group_025/dpct高位机/Bin/frames.binpack
20260615,group_025,dpct高位机,1781513117_749569846.bin,980,1002,0,1048576,/mnt/ssd/Huawei/20260615/data_collection/group_025/dpct高位机/Bin/frames_index.npz,/mnt/ssd/Huawei/20260615/data_collection/group_025/dpct高位机/Bin/frames.binpack
20260615,group_025,dpct高位机,1781513117_849686531.bin,981,1002,0,1048576,/mnt/ssd/Huawei/20260615/data_collection/group_025/dpct高位机/Bin/frames_index.npz,/mnt/ssd/Huawei/20260615/data_collection/group_025/dpct高位机/Bin/frames.binpack
20260615,group_025,dpct高位机,1781513117_949588074.bin,982,1002,0,1048576,/mnt/ssd/Huawei/20260615/data_collection/group_025/dpct高位机/Bin/frames_index.npz,/mnt/ssd/Huawei/20260615/data_collection/group_025/dpct高位机/Bin/frames.binpack
20260615,group_025,dpct高位机,1781513118_249638825.bin,983,1002,0,1048576,/mnt/ssd/Huawei/20260615/data_collection/group_025/dpct高位机/Bin/frames_index.npz,/mnt/ssd/Huawei/20260615/data_collection/group_025/dpct高位机/Bin/frames.binpack
20260615,group_025,dpct高位机,1781513118_449670142.bin,984,1002,0,1048576,/mnt/ssd/Huawei/20260615/data_collection/group_025/dpct高位机/Bin/frames_index.npz,/mnt/ssd/Huawei/20260615/data_collection/group_025/dpct高位机/Bin/frames.binpack
20260615,group_025,dpct高位机,1781513118_549625159.bin,985,1002,0,1048576,/mnt/ssd/Huawei/20260615/data_collection/group_025/dpct高位机/Bin/frames_index.npz,/mnt/ssd/Huawei/20260615/data_collection/group_025/dpct高位机/Bin/frames.binpack
20260615,group_025,dpct高位机,1781513118_849634533.bin,986,1002,0,1048576,/mnt/ssd/Huawei/20260615/data_collection/group_025/dpct高位机/Bin/frames_index.npz,/mnt/ssd/Huawei/20260615/data_collection/group_025/dpct高位机/Bin/frames.binpack
20260615,group_025,dpct高位机,1781513119_052331711.bin,987,1002,0,1048576,/mnt/ssd/Huawei/20260615/data_collection/group_025/dpct高位机/Bin/frames_index.npz,/mnt/ssd/Huawei/20260615/data_collection/group_025/dpct高位机/Bin/frames.binpack
20260615,group_025,dpct高位机,1781513119_149534624.bin,988,1002,0,1048576,/mnt/ssd/Huawei/20260615/data_collection/group_025/dpct高位机/Bin/frames_index.npz,/mnt/ssd/Huawei/20260615/data_collection/group_025/dpct高位机/Bin/frames.binpack
20260615,group_025,dpct高位机,1781513119_353060496.bin,989,1002,0,1048576,/mnt/ssd/Huawei/20260615/data_collection/group_025/dpct高位机/Bin/frames_index.npz,/mnt/ssd/Huawei/20260615/data_collection/group_025/dpct高位机/Bin/frames.binpack
20260615,group_025,dpct高位机,1781513119_449663042.bin,990,1002,0,1048576,/mnt/ssd/Huawei/20260615/data_collection/group_025/dpct高位机/Bin/frames_index.npz,/mnt/ssd/Huawei/20260615/data_collection/group_025/dpct高位机/Bin/frames.binpack
20260615,group_025,dpct高位机,1781513119_550770921.bin,991,1002,0,1048576,/mnt/ssd/Huawei/20260615/data_collection/group_025/dpct高位机/Bin/frames_index.npz,/mnt/ssd/Huawei/20260615/data_collection/group_025/dpct高位机/Bin/frames.binpack
20260615,group_025,dpct高位机,1781513119_649600692.bin,992,1002,0,1048576,/mnt/ssd/Huawei/20260615/data_collection/group_025/dpct高位机/Bin/frames_index.npz,/mnt/ssd/Huawei/20260615/data_collection/group_025/dpct高位机/Bin/frames.binpack
20260615,group_025,dpct高位机,1781513120_156181906.bin,993,1002,0,1048576,/mnt/ssd/Huawei/20260615/data_collection/group_025/dpct高位机/Bin/frames_index.npz,/mnt/ssd/Huawei/20260615/data_collection/group_025/dpct高位机/Bin/frames.binpack
20260615,group_025,dpct高位机,1781513120_449515459.bin,994,1002,0,1048576,/mnt/ssd/Huawei/20260615/data_collection/group_025/dpct高位机/Bin/frames_index.npz,/mnt/ssd/Huawei/20260615/data_collection/group_025/dpct高位机/Bin/frames.binpack
20260615,group_025,dpct高位机,1781513120_749550914.bin,995,1002,0,1048576,/mnt/ssd/Huawei/20260615/data_collection/group_025/dpct高位机/Bin/frames_index.npz,/mnt/ssd/Huawei/20260615/data_collection/group_025/dpct高位机/Bin/frames.binpack
20260615,group_025,dpct高位机,1781513121_049593058.bin,996,1002,0,1048576,/mnt/ssd/Huawei/20260615/data_collection/group_025/dpct高位机/Bin/frames_index.npz,/mnt/ssd/Huawei/20260615/data_collection/group_025/dpct高位机/Bin/frames.binpack
20260615,group_025,dpct高位机,1781513121_749545545.bin,997,1002,0,1048576,/mnt/ssd/Huawei/20260615/data_collection/group_025/dpct高位机/Bin/frames_index.npz,/mnt/ssd/Huawei/20260615/data_collection/group_025/dpct高位机/Bin/frames.binpack
20260615,group_025,dpct高位机,1781513121_849527059.bin,998,1002,0,1048576,/mnt/ssd/Huawei/20260615/data_collection/group_025/dpct高位机/Bin/frames_index.npz,/mnt/ssd/Huawei/20260615/data_collection/group_025/dpct高位机/Bin/frames.binpack
20260615,group_025,dpct高位机,1781513123_249759435.bin,999,1002,0,1048576,/mnt/ssd/Huawei/20260615/data_collection/group_025/dpct高位机/Bin/frames_index.npz,/mnt/ssd/Huawei/20260615/data_collection/group_025/dpct高位机/Bin/frames.binpack
20260615,group_025,dpct高位机,1781513123_349523888.bin,1000,1002,0,1048576,/mnt/ssd/Huawei/20260615/data_collection/group_025/dpct高位机/Bin/frames_index.npz,/mnt/ssd/Huawei/20260615/data_collection/group_025/dpct高位机/Bin/frames.binpack
20260615,group_025,dpct高位机,1781513124_149507780.bin,1001,1002,0,1048576,/mnt/ssd/Huawei/20260615/data_collection/group_025/dpct高位机/Bin/frames_index.npz,/mnt/ssd/Huawei/20260615/data_collection/group_025/dpct高位机/Bin/frames.binpack
20260813,group_011,dpct高位机,1786602103_007567280.bin,737,2500,487424,1048576,/mnt/ssd/Huawei/20260813/data_collection/group_011/dpct高位机/Bin/frames_index.npz,/mnt/ssd/Huawei/20260813/data_collection/group_011/dpct高位机/Bin/frames.binpack
